Erfaring,Struktur,Driv,Samarbeid,Skill_Match,Jobb_Hopping,Hired,Retention_Months
3,9,8,9,42,0,1,36
15,9,7,10,95,1,1,34
2,9,5,9,57,1,1,34
0,9,5,9,40,0,0,43
4,4,5,6,64,1,0,24
4,4,10,7,99,3,1,5
13,8,6,6,78,0,1,44
5,7,7,5,67,2,1,26
13,10,5,8,91,1,0,38
4,7,10,6,97,5,1,3
19,8,4,10,75,1,1,40
13,7,4,6,86,0,1,45
18,10,6,8,84,1,1,46
2,4,10,6,89,4,1,3
7,10,10,1,96,2,0,27
12,8,7,10,83,1,1,32
15,10,8,3,92,3,0,20
6,3,9,6,81,4,1,3
1,8,7,9,60,0,1,40
6,6,10,9,85,5,1,3
3,7,7,9,52,0,1,34
1,7,5,6,54,0,1,33
0,7,5,8,53,0,1,30
18,10,6,7,97,0,1,45
13,8,10,3,97,3,0,19
7,7,5,7,53,2,0,18
17,7,7,7,98,0,0,48
15,9,7,10,80,0,1,50
8,6,6,4,45,1,1,27
4,6,9,7,89,3,1,14
7,10,8,3,96,4,1,9
16,9,6,10,96,0,1,49
2,3,8,7,83,4,1,3
4,6,6,5,61,3,0,11
1,7,6,9,68,0,1,36
2,6,8,6,48,0,1,37
6,4,4,6,42,1,0,24
4,5,10,7,88,5,1,3
1,9,7,7,46,1,1,27
3,7,6,4,51,1,0,33
8,9,8,3,99,4,0,13
2,8,7,6,44,0,1,34
11,10,9,1,91,2,0,28
6,5,10,7,93,5,0,3
13,10,8,1,93,3,1,21
7,9,9,2,99,2,0,23
6,6,5,7,67,3,0,16
12,10,7,6,74,1,1,34
2,8,7,7,55,1,1,31
4,7,9,5,100,3,0,12
8,4,4,4,67,1,0,28
20,7,4,6,83,0,1,43
11,10,8,2,95,2,0,33
6,6,4,7,62,2,0,21
2,3,9,9,82,5,0,3
3,9,6,8,68,1,0,27
5,5,5,7,49,2,1,18
18,8,6,7,96,1,1,36
7,7,7,5,62,3,0,9
7,8,9,1,90,4,0,6
15,8,10,3,99,3,0,17
3,6,4,6,44,1,0,31
5,4,5,5,45,2,0,21
6,4,9,8,84,5,1,3
6,5,5,4,45,2,0,19
7,5,4,5,58,1,0,29
0,6,5,7,43,1,1,26
11,10,10,2,99,3,0,25
5,4,6,6,47,2,0,10
14,8,8,3,91,3,0,18
14,7,4,9,95,0,1,39
4,6,6,6,47,1,0,31
15,9,5,10,70,1,1,38
4,7,9,7,99,3,1,8
2,6,8,6,42,1,1,25
10,8,5,10,78,0,1,44
2,6,7,7,55,1,1,27
18,8,4,6,82,0,1,51
9,10,10,3,96,2,1,28
6,10,8,2,99,4,0,15
15,7,7,6,94,1,1,33
12,9,6,10,90,1,0,42
15,9,7,6,98,1,1,43
3,8,6,6,68,1,1,32
6,5,9,6,97,3,1,8
5,5,10,8,90,4,1,3
7,8,10,2,92,4,1,3
5,8,8,2,92,3,0,17
4,6,8,7,84,4,0,3
17,8,6,8,75,1,1,38
14,10,8,3,94,4,0,20
6,5,5,7,63,1,0,30
10,10,10,1,99,4,1,8
1,6,7,9,55,0,0,38
6,9,9,2,100,3,0,18
5,7,10,9,95,3,0,9
7,7,7,4,61,2,0,19
2,4,9,8,85,4,1,3
8,10,8,2,92,3,1,23
4,7,9,6,99,4,0,3
15,10,9,2,99,2,0,29
15,8,7,10,71,1,1,31
13,10,5,8,83,1,1,43
6,7,7,6,44,2,0,25
3,3,10,8,99,4,1,3
4,5,10,8,91,5,0,3
6,3,10,6,89,3,1,3
8,8,7,6,98,1,1,37
0,8,5,6,46,0,0,42
3,8,5,7,53,0,1,38
9,10,9,3,90,4,0,16
3,7,7,9,56,1,1,24
0,8,5,8,43,0,0,42
6,6,5,4,68,3,1,7
6,5,6,4,49,2,0,14
3,9,6,9,55,0,0,35
4,3,10,6,92,3,0,3
3,3,10,8,83,3,1,3
2,9,8,8,48,1,0,31
1,9,6,8,67,0,1,43
1,6,5,9,43,0,0,29
2,6,5,6,40,1,0,28
11,8,8,3,100,2,0,21
10,10,10,3,99,4,0,7
3,4,10,7,89,4,1,3
3,8,7,8,48,0,1,39
3,8,6,7,54,0,1,37
0,9,7,6,42,1,1,29
0,8,8,9,49,1,1,23
13,10,7,9,74,0,1,42
14,10,9,3,91,4,0,18
1,7,8,7,69,0,1,32
2,6,9,9,86,4,1,4
0,9,8,6,47,1,0,35
3,7,4,4,48,1,1,34
6,7,5,7,55,2,0,20
17,10,5,10,81,1,1,45
0,7,7,9,41,1,1,30
8,6,6,7,68,2,0,17
14,10,10,2,96,4,0,13
10,10,8,2,94,4,0,14
6,7,5,6,40,1,0,33
3,4,8,6,94,5,0,3
6,6,6,7,60,3,0,9
1,6,6,7,51,0,0,34
13,8,10,1,95,3,0,15
11,7,6,6,84,1,1,37
2,6,8,6,65,1,1,29
14,8,5,7,84,0,1,46
3,7,4,6,51,2,0,22
1,9,7,9,42,1,0,36
3,4,6,7,58,2,0,9
11,9,9,3,91,4,0,10
3,6,8,7,68,1,1,22
9,9,4,9,85,1,1,34
6,5,10,8,98,3,1,12
2,6,10,6,87,5,1,3
3,5,4,7,58,1,0,20
0,8,6,7,63,1,1,27
1,8,8,6,43,1,1,30
10,7,6,8,91,1,1,37
15,8,9,3,100,4,0,14
14,7,6,6,78,1,1,39
6,5,6,7,41,1,1,27
0,8,5,6,57,0,1,40
20,10,4,10,79,0,1,56
7,7,4,5,66,3,0,18
11,10,9,2,95,4,1,8
7,7,7,7,70,2,0,17
2,5,9,9,95,4,1,3
12,10,6,7,90,1,1,35
7,6,6,4,66,3,1,11
5,9,9,1,97,2,1,21
2,9,8,8,61,1,1,26
3,4,9,6,86,3,1,9
10,9,10,2,98,3,1,18
3,6,8,8,42,1,1,29
2,8,7,7,42,1,1,26
5,7,8,6,98,4,0,8
2,9,8,8,41,1,0,33
11,10,7,7,100,0,1,50
7,7,7,4,40,3,1,17
5,5,8,8,98,5,0,3
2,8,6,6,52,1,1,25
2,7,8,7,98,5,0,3
9,8,7,9,85,0,1,42
4,4,6,5,48,1,0,22
2,3,9,9,80,4,1,3
7,4,5,6,58,1,1,26
3,9,6,7,40,0,0,35
2,6,8,8,100,5,1,3
4,3,9,7,86,4,1,3
5,7,8,9,100,4,1,9
3,9,5,7,63,0,0,39
0,9,6,8,63,1,1,28
3,5,9,7,96,3,1,9
12,10,9,2,100,4,0,12
2,3,10,5,95,5,1,3
8,4,5,7,58,2,0,19
9,10,7,6,84,0,1,47
7,8,8,3,93,3,1,15
3,9,7,6,54,0,0,43
8,4,6,5,55,2,1,15
8,7,6,4,59,1,0,34
13,10,9,1,99,2,0,34
8,5,4,7,68,3,1,8
1,7,8,7,52,0,0,37
5,3,10,8,81,4,1,3
5,3,8,9,80,4,0,3
8,7,6,7,91,1,1,31
9,8,5,7,86,0,1,40
0,6,5,6,40,0,0,32
2,6,9,8,90,5,1,3
12,8,7,10,74,0,1,44
6,4,5,4,66,3,0,11
4,6,9,9,100,3,1,7
8,8,9,2,93,4,1,12
7,7,7,7,63,2,1,24
15,8,10,3,91,2,1,22
4,4,10,6,89,3,1,3
8,7,5,8,86,1,1,33
3,4,8,7,100,4,1,3
1,8,5,8,61,1,1,35
11,10,10,1,93,3,0,16
15,8,10,1,99,4,0,9
5,7,9,7,82,4,1,3
2,9,5,8,61,0,0,39
14,9,8,1,94,2,0,34
6,8,9,1,97,3,1,10
10,10,9,1,96,2,0,31
6,4,9,6,84,3,0,11
6,10,10,1,95,2,0,23
9,9,8,2,90,2,1,26
6,6,6,7,64,1,0,33
8,6,7,5,53,2,0,19
7,8,8,2,93,3,0,19
7,10,9,3,100,4,0,8
7,7,5,7,67,3,0,10
7,6,4,7,45,2,1,22
15,9,10,3,98,3,0,19
8,6,5,7,66,2,0,16
3,8,6,9,49,1,0,35
5,3,10,5,98,5,0,3
7,4,4,5,40,1,0,30
2,8,6,9,56,0,1,36
3,4,9,6,82,3,1,10
5,8,9,3,93,2,0,18
20,10,4,6,88,0,1,51
4,6,7,5,49,1,1,21
12,8,4,6,89,1,1,31
3,5,4,6,64,3,1,12
19,10,4,7,90,0,1,50
5,5,7,7,59,2,1,15
18,10,7,9,93,1,1,40
6,8,8,1,94,3,0,16
8,10,10,1,91,2,0,28
13,7,7,8,83,1,1,36
6,10,10,2,93,4,0,10
7,10,8,1,97,2,0,23
5,7,8,6,84,3,1,16
14,10,10,3,95,2,0,35
10,8,5,8,92,1,0,34
20,9,4,8,75,1,1,40
4,6,8,6,87,3,0,11
9,8,7,9,70,1,1,35
5,5,8,7,96,5,1,3
6,7,5,4,59,1,0,34
3,7,7,9,64,0,1,33
0,9,7,6,51,0,0,39
8,6,6,5,59,1,0,32
9,9,4,9,91,1,1,39
8,9,7,7,71,1,1,31
15,9,10,2,90,3,0,15
5,4,10,6,99,4,1,3
14,9,8,1,93,4,0,17
8,10,5,9,82,0,1,41
2,3,10,5,93,5,1,3
15,9,9,1,98,2,0,24
3,4,9,8,84,4,0,3
0,8,7,8,55,0,1,34
15,9,10,2,90,3,0,21
18,8,7,6,91,1,1,35
17,8,6,7,94,1,1,40
9,8,8,3,96,2,0,29
3,7,10,7,95,4,1,3
2,6,7,7,49,1,1,20
2,5,10,5,95,5,1,3
1,8,6,6,41,0,0,42
19,9,7,8,90,0,1,43
5,5,9,8,91,4,1,3
11,9,10,2,94,3,1,20
8,4,4,4,40,2,0,15
11,8,9,3,90,4,0,13
3,6,8,7,67,1,1,20
0,9,7,6,48,0,1,34
5,5,4,7,63,1,1,24
1,6,6,7,43,1,0,30
8,4,5,7,43,2,0,21
3,8,5,7,52,0,0,36
2,5,10,6,97,5,0,3
9,10,7,8,100,1,1,39
13,10,5,6,77,0,1,45
6,4,4,6,48,3,0,10
3,7,5,8,68,0,0,33
6,10,8,3,97,2,0,26
3,6,10,6,82,5,1,3
14,8,9,1,94,4,0,7
19,10,4,9,74,0,1,46
3,6,5,6,63,1,1,32
7,7,5,7,47,3,0,15
13,8,8,1,98,4,0,7
6,8,10,3,94,2,0,20
5,8,9,1,93,4,0,6
11,7,6,9,76,0,0,44
5,3,10,5,88,3,1,3
7,6,5,7,54,3,0,18
2,8,6,8,45,0,1,40
18,8,4,7,95,0,1,46
15,10,10,1,96,2,0,32
14,10,10,1,94,4,1,10
2,7,7,9,62,0,1,38
4,7,6,4,46,3,1,10
4,7,8,8,83,4,0,3
9,10,8,1,91,4,0,15
3,6,8,6,82,3,0,7
15,10,5,10,84,1,1,39
3,8,8,6,59,0,1,40
3,6,7,6,59,0,1,33
5,10,10,3,91,2,0,21
12,9,8,2,95,3,0,17
0,7,7,9,56,0,1,37
11,7,6,10,78,1,1,37
2,8,6,6,44,1,0,32
6,10,9,2,90,3,0,18
2,5,9,6,82,3,0,3
13,10,9,1,99,2,0,27
6,5,7,7,59,3,1,8
0,7,6,9,60,1,1,27
5,7,8,6,86,5,0,3
4,5,10,5,95,4,1,3
3,5,10,9,89,4,1,3
6,5,10,8,88,5,1,3
4,7,10,7,87,4,1,3
4,5,5,7,67,2,0,19
13,8,5,6,72,1,1,37
8,8,8,2,99,3,0,17
2,8,7,6,53,1,1,28
7,7,4,4,49,2,0,27
10,10,8,2,92,3,0,22
0,7,8,6,56,1,1,29
11,9,8,2,98,4,0,12
18,7,6,10,83,0,1,40
6,5,5,4,53,2,0,13
8,7,7,7,92,0,1,40
3,4,9,8,88,4,0,3
0,9,5,7,66,1,1,36
10,10,4,8,75,1,1,39
12,10,10,2,94,4,0,16
8,5,6,5,46,3,0,16
14,9,10,2,96,4,0,8
17,10,6,7,90,1,1,45
14,7,5,9,92,0,1,47
6,4,10,6,86,5,0,3
2,7,7,9,57,0,1,34
3,7,6,6,51,0,0,37
13,10,9,3,100,2,0,25
4,7,9,6,91,4,1,4
4,3,10,8,87,5,1,3
6,6,9,7,97,4,1,4
4,3,10,8,92,4,1,3
9,9,4,10,88,1,1,40
15,7,5,10,74,0,1,40
6,5,7,6,70,1,0,29
0,6,6,8,50,1,1,20
10,8,6,10,87,0,1,41
15,8,10,2,96,4,0,8
4,5,8,8,84,3,1,5
4,7,8,7,84,4,1,3
2,6,9,8,90,3,1,11
6,5,9,8,89,3,1,8
14,8,8,2,90,2,0,27
6,9,9,3,95,2,1,26
11,9,8,2,96,2,1,28
16,9,7,8,92,0,1,49
18,7,4,7,100,0,1,41
2,4,10,7,86,5,1,3
8,10,10,1,96,4,0,6
8,4,7,5,59,2,0,19
15,9,8,2,100,3,1,26
1,8,6,9,43,1,0,30
20,8,7,8,81,0,1,51
4,4,9,8,86,4,0,3
13,10,4,10,93,1,1,37
3,8,8,8,58,0,1,38
6,4,4,6,56,1,0,30
3,3,8,7,89,5,0,3
12,10,6,8,72,0,1,48
1,6,5,7,58,0,0,29
8,8,4,8,74,1,1,36
6,6,7,6,42,2,0,20
1,8,7,7,51,0,0,40
7,5,7,7,61,3,0,7
8,6,4,5,51,2,1,20
19,8,7,7,70,0,1,46
6,7,10,8,99,3,1,10
7,8,9,1,95,4,0,7
13,9,6,10,94,1,1,32
6,5,7,7,52,3,0,10
15,8,6,10,75,0,1,39
5,4,7,6,66,3,0,11
15,7,6,7,78,0,1,37
3,7,4,7,48,1,1,24
7,10,10,2,99,3,0,21
6,4,6,7,51,2,0,19
12,8,6,7,84,0,1,41
10,8,6,7,80,1,1,34
7,6,6,6,46,2,0,25
6,4,8,9,80,3,0,10
8,4,5,6,60,3,0,5
3,3,9,6,100,3,1,6
9,10,10,1,95,3,0,19
6,7,9,9,86,5,1,3
3,4,9,6,93,4,1,3
9,8,4,10,95,0,1,39
6,4,9,5,83,4,0,3
3,6,8,7,99,3,1,5
6,3,9,9,100,4,1,3
19,9,6,10,87,1,1,38
5,4,8,5,98,3,0,3
18,8,6,10,84,0,1,44
5,4,4,7,67,3,1,13
0,9,6,6,57,0,1,44
0,8,6,7,53,0,0,35
20,8,5,6,76,0,1,50
3,5,8,8,97,4,1,3
3,9,7,7,45,0,0,38
7,7,6,4,66,2,1,27
7,5,4,6,64,2,1,18
6,5,9,9,94,5,1,3
16,7,6,7,89,1,1,32
4,6,10,5,84,4,1,3
13,8,8,1,97,2,0,27
10,10,8,2,93,3,0,19
15,10,4,9,86,1,1,45
8,7,5,7,70,0,0,38
17,10,6,9,77,1,1,37
12,8,9,2,93,4,0,7
20,8,5,6,92,1,1,35
20,9,4,6,80,1,1,46
19,7,7,9,80,0,1,42
6,5,4,5,41,1,0,31
14,9,8,2,94,4,1,9
4,6,8,8,96,3,1,10
3,7,7,7,50,0,1,34
5,4,5,6,56,3,0,12
5,6,4,6,56,2,0,19
4,5,10,6,81,5,1,3
0,8,7,9,63,0,1,35
13,9,9,2,98,3,1,22
12,9,9,3,99,3,0,16
12,10,9,2,95,4,0,9
0,6,8,8,70,1,0,19
12,9,10,1,98,3,0,16
3,7,9,9,86,3,1,15
19,10,4,9,80,1,1,38
5,9,10,2,99,4,0,3
0,7,5,6,66,1,1,27
1,7,6,9,58,0,1,33
5,7,10,8,99,3,0,13
1,7,7,6,40,1,1,29
0,8,7,8,67,0,1,41
8,5,6,4,45,3,1,16
14,9,6,9,74,0,1,49
6,4,6,6,53,3,1,3
12,9,8,2,92,3,0,21
0,6,6,8,57,1,1,23
14,9,9,3,94,4,0,11
10,10,8,1,100,4,0,16
6,3,8,6,98,3,1,5
9,9,9,3,97,4,0,11
1,7,8,8,58,0,0,31
3,4,9,7,87,5,0,3
4,7,7,7,48,1,1,27
6,5,9,7,81,5,0,3
2,6,9,7,86,5,0,3
6,7,9,8,100,3,1,9
6,10,9,1,97,4,1,8
10,10,9,3,100,2,0,29
6,8,9,1,97,3,0,11
7,10,10,3,96,2,0,21
1,6,7,8,69,0,1,36
2,7,9,9,85,4,1,3
8,9,6,7,90,0,1,42
4,7,6,6,58,1,1,34
6,5,9,5,84,3,0,5
15,8,9,3,98,2,1,25
14,9,4,10,71,1,1,42
11,9,7,10,74,0,1,40
9,10,4,6,92,1,1,38
6,6,7,4,63,3,1,10
9,10,10,1,93,3,1,22
6,4,8,5,95,3,1,9
1,6,6,8,44,0,0,38
2,7,5,8,41,1,0,23
5,4,10,5,85,5,0,3
3,4,7,7,42,1,0,25
2,7,9,6,97,3,0,8
3,9,6,9,46,0,1,45
11,10,7,6,98,1,1,39
16,9,5,10,83,0,1,48
6,5,7,7,50,2,0,19
1,6,7,7,62,0,1,37
3,6,6,8,53,0,0,38
17,9,7,9,79,0,1,43
10,9,9,1,100,2,0,30
4,4,8,9,92,3,0,4
4,7,9,6,80,4,1,3
2,3,9,7,99,5,0,3
14,9,9,3,95,4,0,17
9,7,6,8,80,0,0,43
5,6,6,5,54,2,0,19
7,8,10,2,91,3,0,11
15,10,6,10,80,0,1,47
2,8,8,6,56,1,0,28
9,10,10,3,96,3,0,18
17,9,6,10,93,1,1,41
3,8,6,8,48,0,1,42
11,9,9,2,93,3,0,16
9,10,9,1,95,2,0,26
5,10,8,1,93,4,0,14
3,7,5,9,44,0,0,35
12,10,10,2,92,3,1,21
20,10,6,9,89,0,1,46
13,9,10,3,100,3,0,23
1,6,8,9,43,0,0,29
3,8,8,7,45,1,1,34
15,10,5,8,85,0,1,45
3,6,10,6,81,5,1,3
14,8,9,3,100,4,0,6
8,4,7,7,41,2,0,13
20,7,4,10,83,1,0,41
11,8,4,10,82,0,1,45
11,10,5,7,90,0,1,49
2,3,8,5,99,5,1,3
6,3,10,8,94,3,1,6
6,7,9,6,93,4,0,8
3,6,9,9,89,4,0,5
2,6,8,5,87,3,1,12
11,9,10,3,100,3,0,22
17,8,4,8,98,0,1,44
2,9,8,6,58,0,1,39
2,6,8,9,43,1,0,23
0,7,5,9,64,1,1,27
10,9,8,2,93,4,1,12
3,5,5,4,44,2,0,15
16,8,6,8,97,0,1,44
11,8,10,3,91,2,0,24
4,5,10,7,99,3,1,7
12,8,6,8,87,1,1,38
17,7,5,8,84,1,1,35
2,7,8,9,68,0,1,32
3,6,5,7,52,1,0,32
7,4,7,6,49,3,1,12
12,10,9,3,97,4,0,9
5,6,10,5,98,4,1,3
2,3,10,5,82,4,0,3
4,7,4,6,52,3,0,14
3,5,8,9,94,5,1,3
12,7,5,10,89,1,1,28
12,7,4,6,87,0,1,45
10,8,7,7,99,0,1,39
6,4,5,4,57,3,0,10
2,4,10,7,88,4,1,3
3,9,8,8,60,1,1,27
3,6,8,7,51,1,0,21
3,4,8,9,87,5,0,3
20,7,4,7,88,1,1,39
0,7,6,6,46,0,0,35
14,9,10,3,99,3,0,19
16,7,6,6,70,0,0,44
10,8,7,6,75,0,1,41
0,9,7,8,41,1,1,34
5,7,7,5,45,3,0,15
2,7,5,9,63,0,1,36
4,3,8,8,89,5,1,3
6,10,8,1,94,4,0,12
5,7,9,6,87,5,1,3
13,7,7,9,90,0,1,38
0,6,7,9,57,1,0,22
9,8,9,2,96,4,0,8
4,7,9,7,83,5,1,3
6,3,8,6,82,3,1,5
2,5,8,5,82,3,1,6
1,6,6,7,61,0,1,29
6,7,7,5,41,3,1,15
16,7,4,10,94,0,1,48
2,6,5,8,48,1,0,21
4,7,5,4,62,3,0,12
4,4,8,6,80,4,1,3
9,9,10,2,100,3,0,12
8,9,5,6,87,1,1,39
4,5,6,7,59,2,0,16
18,8,7,10,77,0,1,45
2,7,8,9,97,4,1,7
2,9,7,6,45,0,1,35
14,8,8,2,96,4,0,10
15,10,4,6,98,0,1,47
5,7,8,9,97,4,0,3
5,5,8,6,89,3,1,9
6,5,9,7,93,4,0,3
15,10,4,6,70,0,1,46
2,5,9,8,88,5,0,3
3,6,4,5,60,3,0,7
8,8,10,2,92,2,1,25
7,7,6,4,66,2,0,27
7,8,8,2,100,2,0,20
12,9,9,1,98,4,0,10
1,9,5,9,44,0,1,36
2,6,6,6,69,1,1,24
3,5,8,7,96,5,1,3
4,3,9,8,98,3,1,3
5,4,8,5,95,5,1,3
0,9,8,6,64,0,1,43
12,10,6,10,74,1,1,34
2,8,8,7,64,0,1,32
10,10,7,6,73,1,0,37
1,8,6,7,64,0,1,36
16,7,5,8,98,1,0,38
3,5,9,9,93,4,0,3
7,4,4,5,54,1,0,30
11,8,5,9,82,0,1,46
6,3,9,9,90,4,1,3
0,9,6,9,68,1,0,36
3,7,6,7,46,1,0,33
2,9,8,7,47,0,1,36
12,9,10,3,94,2,1,26
0,8,5,7,65,0,0,36
2,3,9,9,98,3,1,5
12,7,5,9,76,1,1,28
18,7,7,8,94,1,1,36
11,8,8,3,100,2,0,28
5,7,10,5,90,3,0,8
15,10,8,3,95,4,1,17
19,7,5,7,82,1,1,34
10,9,6,10,93,1,1,40
6,9,8,2,97,2,0,30
7,8,10,1,94,4,1,3
4,4,5,5,46,1,0,21
3,3,8,8,86,3,0,3
10,7,7,9,78,1,0,32
9,9,5,8,96,0,1,41
8,6,7,6,47,2,0,21
9,8,6,10,89,1,0,32
12,8,8,1,94,2,0,28
1,6,6,7,67,0,0,36
9,8,5,8,77,0,1,37
20,8,5,10,99,0,1,49
11,8,8,2,100,4,0,6
5,5,9,8,87,4,1,3
6,7,9,5,97,4,0,6
3,6,7,8,69,1,0,29
12,9,5,8,84,0,1,47
0,9,8,8,50,0,0,33
9,10,9,2,98,3,0,19
2,9,5,6,41,0,0,35
10,7,4,7,87,1,1,35
4,4,8,6,81,3,1,3
8,9,8,1,95,2,0,29
9,10,10,2,93,3,0,19
8,7,4,5,57,3,0,15
14,8,10,2,100,3,0,13
12,9,6,7,91,0,1,44
3,4,9,5,86,3,0,8
2,5,10,9,84,3,1,7
9,8,6,8,77,1,1,37
3,6,4,6,70,2,0,20
2,7,8,6,54,0,1,39
3,6,5,7,49,1,1,32
14,8,5,6,83,1,1,40
8,8,4,6,74,1,0,32
7,4,7,5,49,2,0,16
6,7,5,6,69,3,0,17
10,8,5,9,98,0,1,37
9,9,8,2,91,3,1,18
8,7,4,5,57,3,0,18
5,10,9,3,92,3,0,19
7,7,6,7,53,1,0,34
2,9,6,7,48,0,1,35
6,7,5,4,63,2,0,25
17,8,5,10,96,0,1,44
6,4,8,6,91,5,0,3
4,5,10,5,96,3,1,7
0,9,7,8,55,1,0,33
4,5,10,9,80,3,1,11
6,7,4,6,57,2,0,28
4,4,6,7,43,2,0,18
1,9,5,8,46,1,1,31
4,6,5,5,60,2,1,15
3,5,7,5,59,1,0,27
8,6,4,6,51,2,1,17
4,7,9,6,90,3,1,16
15,10,8,1,98,4,0,11
3,7,10,6,96,3,1,7
13,10,6,7,86,1,1,37
2,3,9,6,92,5,0,3
18,8,7,9,73,1,1,34
4,6,10,9,98,5,1,3
7,6,5,6,60,3,1,9
5,5,4,6,54,1,1,26
0,8,5,7,70,0,1,35
16,7,7,9,88,1,1,29
11,10,4,9,74,0,1,52
4,6,5,5,51,2,0,24
8,10,10,2,98,3,0,14
6,7,7,5,44,3,0,17
5,3,9,8,80,5,1,3
19,10,5,6,76,0,1,54
9,8,8,2,96,3,0,15
3,7,8,8,48,1,0,32
13,7,5,9,97,1,1,39
2,6,7,6,57,1,0,22
3,7,5,9,43,1,1,26
13,9,9,1,97,4,0,11
12,8,7,9,75,1,1,32
8,5,6,5,61,1,0,29
18,9,4,6,83,0,1,53
14,9,9,3,99,3,0,22
6,4,8,9,84,5,1,3
18,10,7,9,86,1,1,44
2,7,5,7,59,0,0,39
7,6,6,7,51,3,1,15
6,4,10,6,87,5,0,3
6,7,8,8,95,5,1,3
7,6,5,5,60,3,0,14
8,7,4,4,41,3,0,12
3,5,5,7,43,1,0,28
5,7,10,5,96,4,1,3
19,9,4,7,97,1,1,37
1,6,7,6,59,0,1,34
3,7,7,6,65,1,0,27
1,8,6,8,49,1,0,31
1,8,7,8,70,0,1,34
11,10,6,7,85,0,1,44
18,9,4,6,83,0,1,54
12,8,9,3,100,4,0,11
13,8,9,3,96,2,0,26
2,3,8,8,89,4,1,3
5,9,8,1,97,4,0,4
1,9,7,9,57,1,1,36
0,7,8,6,53,0,1,32
3,7,6,6,43,1,1,33
9,9,8,3,93,3,0,16
7,8,10,2,97,3,0,11
18,9,6,7,94,1,1,40
3,6,5,5,65,2,0,16
2,6,7,7,49,1,0,23
3,6,9,7,91,4,1,4
6,6,9,5,94,3,1,13
6,5,5,5,67,2,0,23
15,10,8,2,90,3,0,24
4,4,7,7,60,1,0,25
15,10,10,1,92,3,0,27
1,6,8,6,42,0,1,30
15,9,9,3,95,4,0,14
6,4,10,7,86,5,1,3
3,7,10,6,85,3,1,13
6,3,9,6,99,5,1,3
5,4,8,7,83,5,1,3
18,9,4,8,87,1,0,40
18,8,5,8,73,0,1,44
5,3,10,8,88,5,0,3
6,6,10,6,99,3,1,14
3,5,7,5,41,3,1,13
13,9,10,3,96,2,0,24
7,6,4,4,67,3,1,11
3,5,10,9,88,3,1,7
19,9,7,8,94,0,1,46
3,7,6,4,62,2,1,19
6,5,5,5,55,1,1,26
10,10,8,3,100,2,0,27
7,5,4,4,62,2,0,19
8,5,6,7,44,2,0,20
3,4,8,9,93,4,1,3
11,9,10,2,91,4,0,7
17,9,7,10,86,0,1,48
6,4,7,5,48,1,0,27
4,5,10,8,90,4,1,3
13,9,6,7,87,0,1,44
4,4,8,9,99,3,1,10
4,6,6,5,58,3,0,16
6,7,10,8,96,3,1,10
9,8,10,2,92,4,1,3
7,9,10,1,97,4,0,11
3,7,8,7,63,1,1,24
1,7,8,7,69,1,1,25
15,8,7,10,95,0,1,44
10,10,5,8,97,0,1,42
6,5,9,6,91,3,1,8
3,7,8,6,48,1,1,23
5,4,7,7,63,3,1,4
7,5,5,6,40,2,0,15
14,9,4,6,74,1,1,40
5,9,9,1,94,2,1,19
7,5,4,5,63,1,0,23
2,5,10,5,83,3,1,6
8,8,9,2,98,3,0,13
13,8,10,1,92,4,1,7
7,9,10,2,99,2,0,21
14,7,5,8,79,0,1,41
8,4,5,5,57,3,1,7
17,8,6,10,100,1,1,41
5,7,6,7,41,1,0,29
6,5,7,6,66,3,1,14
11,7,5,9,90,1,1,29
7,5,7,6,49,1,0,30
6,6,7,5,63,3,1,9
8,10,6,9,76,1,1,37
2,5,10,7,98,4,0,3
18,7,7,7,85,1,0,40
5,6,4,4,50,2,1,19
1,7,5,7,42,0,0,33
3,6,7,4,65,2,1,14
0,6,7,8,63,0,1,36
3,4,10,9,88,5,0,3
3,6,6,8,59,0,1,32
1,9,5,9,43,1,0,32
2,3,8,7,87,4,1,3
1,7,7,9,53,0,1,33
14,7,5,10,87,1,1,39
13,10,8,3,90,3,0,21
5,6,10,5,97,4,1,3
6,7,10,9,86,4,0,3
0,6,7,9,65,0,1,34
10,8,9,3,92,3,0,14
2,6,9,5,83,4,1,5
6,7,6,7,66,3,1,12
4,5,7,4,47,1,0,20
17,9,6,10,87,0,1,49
12,9,10,3,97,3,0,24
7,6,7,5,49,1,1,30
12,9,6,9,79,0,1,49
13,10,6,8,100,1,1,40
5,3,10,8,86,5,1,3
0,9,5,6,49,1,1,30
6,6,10,5,93,3,1,8
7,6,4,5,57,1,1,29
14,8,10,2,96,2,0,31
14,7,7,8,80,1,1,32
15,10,6,8,76,0,0,43
11,9,6,6,76,0,1,43
2,9,7,9,46,0,1,42
13,9,9,3,96,4,0,17
12,9,8,2,92,2,0,27
0,8,6,6,52,0,1,42
8,6,5,6,55,1,0,30
3,7,9,6,88,4,0,3
3,7,5,9,57,1,0,30
2,6,8,8,55,0,0,38
15,7,5,9,81,1,1,32
15,9,6,6,88,0,1,49
2,7,6,9,69,0,1,31
19,7,4,8,99,0,1,49
1,7,8,7,60,0,1,30
6,4,7,4,67,3,0,10
1,9,5,8,69,0,0,40
19,9,5,8,84,0,1,46
1,7,7,9,51,1,1,29
2,7,10,8,80,5,0,3
6,6,7,4,70,3,1,9
4,7,6,5,62,1,0,28
9,8,9,1,90,4,0,6
2,9,7,6,60,0,0,42
5,6,5,4,42,2,0,15
3,7,4,4,70,2,0,16
5,7,9,8,80,4,1,8
7,9,10,2,99,3,0,20
0,6,5,9,41,1,0,28
14,9,10,2,93,4,0,8
3,6,4,7,59,2,1,15
20,7,7,10,73,1,1,32
5,10,10,1,97,2,1,27
3,6,8,8,96,5,0,3
6,10,10,3,96,2,0,26
10,8,10,3,92,4,1,6
3,7,9,8,80,3,1,13
6,3,9,5,87,3,0,6
3,3,9,5,83,4,1,3
8,7,4,7,55,3,1,19
2,9,6,7,60,1,0,29
3,4,4,5,61,2,1,15
6,6,10,5,80,4,0,3
1,9,5,8,59,1,0,30
4,4,7,4,57,2,1,19
12,9,10,2,91,4,0,10
3,3,9,9,90,4,1,3
0,7,5,7,51,0,1,36
13,9,10,3,94,3,1,19
4,6,7,6,69,1,0,26
3,6,8,5,94,4,1,3
6,4,8,6,86,5,1,3
8,6,7,4,53,2,1,19
20,7,6,8,90,0,1,45
11,10,10,1,92,3,0,25
2,7,8,9,55,1,1,23
5,4,7,4,67,3,1,8
8,4,7,4,43,1,0,28
7,5,4,6,70,2,0,24
4,4,9,6,93,3,1,4
9,9,5,9,76,0,1,44
8,4,7,5,66,1,0,20
5,5,9,8,80,3,1,10
6,9,10,1,91,4,1,6
7,8,10,2,98,2,0,19
1,6,8,6,51,0,1,34
1,6,5,9,58,1,0,22
14,8,9,3,98,4,1,8
7,5,6,4,52,1,0,22
13,8,8,3,99,2,0,22
3,6,5,6,44,1,0,32
1,7,6,6,48,1,1,28
7,8,8,1,97,4,0,3
3,4,9,5,97,4,1,3
6,8,9,2,90,2,0,24
15,7,7,9,80,0,1,37
1,9,6,7,58,1,1,36
3,6,5,6,41,0,1,35
1,6,7,7,42,1,0,30
0,8,5,8,47,0,0,33
4,6,9,7,95,3,1,13
8,9,8,2,93,2,0,22
4,5,9,5,95,5,1,3
6,4,5,6,67,3,0,12
7,9,9,3,96,4,0,14
0,7,7,8,61,1,1,30
5,4,9,5,96,4,1,3
0,9,5,7,61,0,0,36
8,7,7,6,70,1,0,28
8,5,5,5,57,3,0,13
4,6,9,6,100,5,1,3
2,7,9,5,82,4,1,3
2,6,7,8,44,0,1,38
2,7,10,5,98,5,0,3
10,9,8,1,100,4,0,13
5,10,9,1,100,4,1,6
5,8,8,2,97,2,0,17
5,6,6,4,41,3,0,16
15,10,5,8,73,0,1,46
3,8,8,9,46,0,1,40
5,6,5,5,47,3,0,17
4,4,5,5,64,1,0,25
15,9,9,1,96,4,0,15
5,4,6,7,57,2,0,13
13,10,10,2,95,4,0,11
13,7,6,9,98,1,1,31
0,7,8,7,57,0,0,36
6,3,8,8,90,5,0,3
5,4,8,8,83,4,0,3
4,6,5,5,66,2,0,24
6,5,7,6,51,1,0,20
10,7,7,7,91,0,1,34
8,10,9,1,94,4,0,10
4,5,7,6,43,3,1,9
3,9,5,6,55,1,1,28
3,7,8,8,98,5,0,3
14,8,10,3,93,3,0,20
8,10,8,1,94,3,0,24
15,10,10,2,95,2,0,27
12,9,10,3,93,4,0,11
6,6,5,4,57,1,0,26
14,9,6,8,98,1,1,41
20,7,7,7,80,0,1,46
8,4,5,5,64,2,1,12
3,7,7,8,60,0,0,33
0,7,5,7,64,0,0,31
18,10,5,6,75,0,1,54
13,10,5,10,80,1,1,45
11,9,10,1,99,2,1,27
2,3,10,7,85,4,0,3
10,10,10,3,97,4,0,15
3,8,8,9,44,1,1,33
4,7,8,7,97,3,0,16
0,6,6,6,52,0,1,31
2,6,6,8,70,1,0,27
5,8,8,2,94,2,0,23
8,7,4,9,99,1,1,35
3,6,8,7,82,4,1,3
2,7,8,9,56,0,0,33
2,6,8,8,68,0,1,35
5,4,8,9,88,5,1,3
0,9,6,7,68,0,1,41
11,10,10,2,97,2,0,25
11,7,7,6,94,1,1,34
0,7,6,7,60,1,1,28
8,6,7,6,54,2,0,22
8,4,6,4,54,2,0,15
3,7,5,4,48,2,0,16
6,3,8,6,83,5,0,3
5,7,6,4,44,3,0,10
18,8,4,7,86,1,1,43
6,6,9,9,81,5,1,3
2,4,10,5,80,5,1,3
11,10,5,9,72,0,1,42
12,8,10,3,94,4,0,12
6,8,10,1,90,3,0,13
12,10,5,7,89,1,1,35
11,8,8,2,92,3,0,13
8,7,6,8,94,1,1,26
6,7,6,4,43,1,0,33
3,5,5,4,66,1,1,25
14,7,6,10,91,1,1,33
3,3,8,7,85,4,1,3
5,7,10,7,93,3,1,7
3,4,4,5,57,3,1,12
0,9,6,6,40,0,0,44
14,10,10,1,97,4,0,17
9,10,10,2,100,4,0,15
7,9,10,3,96,3,0,19
5,7,4,6,65,2,0,20
4,5,10,9,97,5,1,3
3,9,6,6,68,0,1,42
5,6,5,7,65,2,0,15
9,7,5,9,74,1,1,37
0,6,8,7,64,0,1,31
5,8,10,1,93,2,0,21
6,5,5,6,59,3,0,10
3,6,8,6,52,1,1,22
4,3,10,9,91,4,1,3
12,8,10,3,95,2,0,24
5,3,10,8,81,4,1,3
13,10,7,9,85,0,1,46
0,8,6,8,43,0,1,36
13,9,8,2,97,3,0,16
9,9,4,7,83,1,0,36
2,7,7,7,41,1,0,24
4,4,6,5,66,1,1,24
11,9,10,3,100,3,0,13
2,3,8,9,80,4,1,3
6,8,8,3,98,2,0,19
6,7,5,5,68,3,1,18
5,6,5,7,57,2,1,23
3,7,7,5,50,3,1,15
5,9,9,3,90,3,1,18
15,9,8,3,96,3,0,18
1,8,7,6,53,0,0,39
12,10,8,3,98,2,0,30
13,9,9,1,99,2,0,28
15,10,9,1,96,3,0,21
8,10,5,9,94,1,1,37
9,8,10,3,91,3,0,20
2,5,8,8,100,3,0,5
9,8,6,10,77,1,1,32
1,7,7,6,47,0,0,38
15,9,8,2,100,4,1,11
13,9,7,8,98,1,1,34
9,8,8,1,91,2,0,19
2,5,8,8,96,3,1,9
1,9,5,8,45,0,1,39
3,7,5,6,47,1,0,28
0,6,6,7,69,0,0,38
14,7,4,8,81,0,1,46
6,8,10,1,95,2,0,18
6,6,9,6,83,4,1,3
14,7,5,10,83,1,1,39
4,6,8,6,97,3,1,5
6,6,7,4,54,2,1,17
4,6,8,7,97,5,1,3
4,6,9,6,94,4,1,3
4,5,10,8,82,3,1,10
4,4,9,7,86,4,1,3
11,10,7,7,70,0,1,44
3,6,4,5,58,1,1,30
0,7,7,8,52,1,1,23
2,8,5,9,47,1,1,31
12,8,9,3,95,4,0,4
2,7,8,6,66,0,1,39
13,10,6,6,73,0,1,49
0,7,5,7,40,1,1,32
3,7,7,7,52,3,1,7
1,8,6,9,56,0,1,36
3,7,9,7,91,4,1,3
2,6,6,7,60,1,1,30
13,10,7,9,86,1,0,37
5,6,9,5,97,4,0,4
12,9,6,10,75,1,1,40
6,6,9,6,92,4,0,3
2,8,7,9,49,1,0,25
6,7,5,5,45,2,0,24
2,9,6,6,52,1,0,31
9,10,4,10,80,1,1,35
5,7,4,7,42,2,0,25
2,4,9,5,97,4,1,3
4,6,5,6,52,2,0,20
7,8,8,3,96,2,0,19
3,7,6,7,60,0,1,33
12,9,9,3,95,4,0,9
8,4,6,4,66,3,0,7
16,9,5,9,90,1,1,35
8,6,4,7,69,2,0,17
0,7,6,8,53,0,0,31
0,7,8,9,63,1,1,28
7,5,6,5,40,1,1,24
7,4,6,7,48,2,0,17
0,6,5,9,65,0,1,32
12,9,4,7,76,1,0,40
2,6,8,8,42,1,0,20
9,8,9,2,95,2,0,20
6,3,10,5,87,3,1,3
5,5,6,7,42,1,0,21
8,9,9,2,94,3,0,18
11,8,9,2,99,2,0,30
8,8,10,2,98,2,0,27
17,9,7,9,78,0,1,46
0,9,5,7,50,1,1,33
8,10,9,2,90,3,0,20
9,9,10,1,91,3,0,16
4,3,8,6,87,4,1,3
14,10,6,8,70,0,1,46
1,9,7,7,46,0,0,43
5,5,9,6,87,5,1,3
6,5,4,6,57,2,1,22
5,5,4,5,54,3,1,12
0,8,6,6,64,1,0,31
5,5,9,5,88,5,0,3
3,6,9,8,87,4,1,5
6,4,9,5,82,4,1,3
1,8,5,7,70,0,0,35
13,9,8,2,98,4,1,9
0,8,7,6,44,1,0,23
0,6,7,9,62,1,1,24
2,9,7,7,60,1,1,31
6,4,9,6,99,5,1,3
1,6,8,7,55,1,1,20
14,9,10,2,97,3,0,23
14,7,7,6,95,0,1,40
6,4,8,7,90,5,0,3
0,8,8,6,47,0,0,37
8,8,9,1,100,4,1,5
20,8,6,10,100,1,1,41
3,6,6,6,62,3,0,11
2,6,10,6,99,3,1,5
2,3,9,5,93,4,0,3
4,6,8,6,82,4,0,3
2,9,8,6,66,1,1,36
10,9,10,1,94,3,1,14
15,8,8,3,98,3,0,20
5,5,7,5,57,1,1,29
14,9,6,7,80,0,1,45
4,7,5,5,59,3,1,9
4,5,9,7,97,3,1,5
5,3,9,7,100,4,1,3
4,5,9,9,95,4,1,3
0,9,6,6,53,0,1,40
5,9,9,1,96,3,1,14
19,9,7,8,99,1,1,41
0,7,8,9,62,1,0,23
4,5,7,5,47,3,0,13
0,6,8,6,62,1,0,27
16,7,4,9,91,0,1,40
4,5,9,6,91,3,0,6
18,8,7,10,82,1,1,32
4,6,5,6,45,1,1,32
7,4,6,7,54,3,0,5
5,7,10,8,94,5,0,3
1,8,7,9,60,0,0,42
2,7,5,6,59,0,1,37
3,6,10,8,81,3,0,6
1,9,7,7,57,0,1,34
3,7,8,9,51,1,1,22
7,10,8,3,93,2,0,27
3,8,5,8,46,1,1,31
6,8,10,1,99,4,1,9
15,10,8,3,90,3,0,21
5,9,9,3,100,2,0,22
1,7,5,6,47,0,0,35
6,10,9,2,90,4,0,9
6,4,7,4,49,2,0,15
3,9,8,9,49,1,0,33
11,9,8,1,99,3,1,16
0,9,5,6,57,0,1,37
6,6,5,4,49,1,1,25
6,5,4,6,50,2,0,18
4,4,6,5,62,3,1,11
11,9,8,1,94,2,0,28
4,7,10,7,88,4,1,3
5,4,4,7,62,2,0,18
12,7,4,7,98,0,1,40
0,9,6,6,55,1,0,36
2,9,8,9,51,1,1,34
0,7,8,9,63,0,1,35
6,6,8,8,80,5,0,3
16,10,4,10,86,1,1,37
15,9,10,3,96,2,0,27
13,10,8,1,91,2,1,33
20,8,6,9,71,1,1,44
4,7,7,7,41,2,0,24
5,6,8,9,82,5,1,3
12,8,9,2,97,2,0,25
7,4,5,6,58,3,1,6
2,9,6,9,48,1,1,36
7,7,6,4,60,2,1,18
1,7,8,8,61,1,0,30
4,5,8,8,99,4,1,3
3,5,9,8,85,4,1,3
1,9,8,9,61,1,0,35
9,9,7,8,89,1,1,35
1,9,8,6,60,0,0,35
6,4,5,4,43,2,0,16
8,7,6,6,87,1,1,36
1,8,6,9,51,1,1,32
10,10,7,6,74,0,1,48
10,10,10,3,94,3,0,24
17,8,5,7,76,0,1,42
12,9,10,3,97,4,1,8
4,4,9,9,81,4,0,3
3,5,9,7,93,5,1,3
8,6,6,5,59,2,0,26
2,4,9,5,83,4,0,3
11,9,9,3,97,2,0,28
6,5,9,7,94,3,1,6
4,4,9,8,80,5,0,3
3,7,4,6,69,3,0,14
15,10,10,1,93,2,0,27
1,9,7,7,70,1,0,33
12,9,10,3,96,4,1,9
3,8,5,7,60,1,0,31
3,7,9,9,88,3,1,8
19,8,7,8,81,0,1,46
5,6,10,7,92,4,1,3
2,9,7,6,57,1,1,31
5,7,10,7,82,4,1,8
5,6,9,9,93,4,1,3
8,10,9,2,96,4,0,7
5,10,10,3,100,4,0,11
19,7,6,8,80,0,1,46
6,6,6,6,52,2,1,20
3,7,8,9,63,0,1,30
2,3,10,8,99,4,1,3
1,6,6,8,51,1,1,21
5,5,10,9,82,4,1,4
9,9,8,3,91,2,0,29
10,10,5,10,74,0,1,43
14,8,9,2,93,3,0,15
3,6,6,7,52,2,0,17
4,6,9,5,96,4,1,3
4,7,10,6,83,5,0,3
3,7,7,5,60,3,0,17
3,4,10,8,80,4,0,3
5,6,6,7,66,3,0,13
5,4,8,6,81,3,0,10
7,7,6,6,47,1,0,25
3,6,7,5,47,3,1,7
0,6,8,7,54,0,1,37
1,9,6,8,69,0,0,37
2,8,5,9,67,0,1,36
14,9,4,10,74,0,1,52
11,7,4,8,71,1,0,38
15,8,5,6,80,0,1,47
5,8,8,3,93,2,1,19
6,8,9,1,100,3,0,10
3,5,8,6,93,5,0,3
4,6,10,5,82,3,0,5
5,8,10,3,99,3,0,8
0,7,6,8,47,0,0,32
5,7,10,8,96,4,1,3
5,5,5,5,51,1,0,30
20,7,4,9,78,1,1,40
13,10,8,2,93,3,1,20
6,6,8,6,85,5,1,3
3,8,7,9,42,0,0,35
8,7,4,4,42,2,1,21
4,5,4,7,65,1,0,22
5,9,10,1,90,2,0,21
3,5,5,6,61,1,1,23
0,8,7,8,47,0,0,40
17,9,7,10,90,1,1,34
13,7,4,8,94,0,1,40
4,3,10,7,94,4,1,3
13,8,4,8,99,1,0,35
4,5,6,4,65,2,1,12
3,6,6,6,59,0,1,36
1,7,7,9,54,0,1,40
9,9,7,9,80,1,1,31
6,7,10,8,100,3,0,11
11,8,9,1,91,4,1,6
11,7,5,9,87,0,1,45
2,8,5,8,62,0,1,40
8,7,6,6,73,0,1,41
2,9,5,6,57,1,1,27
7,10,9,1,93,3,0,23
3,6,5,6,48,2,1,24
16,9,4,6,89,1,1,45
4,3,8,7,84,4,1,3
0,6,5,6,56,0,1,31
6,6,5,4,42,3,1,15
3,7,10,7,85,4,1,3
15,10,4,6,92,0,1,52
5,3,9,9,86,5,1,3
7,5,4,6,67,2,1,24
5,7,9,6,84,4,0,7
4,6,5,7,50,3,1,8
11,9,6,7,71,0,1,48
5,9,8,3,92,3,0,17
3,8,6,7,57,0,0,41
6,4,8,5,88,5,1,3
5,4,10,8,90,3,1,3
19,8,7,9,79,1,1,43
19,10,4,6,92,1,1,44
5,4,7,4,46,3,1,4
10,9,7,7,71,1,1,32
11,7,6,6,80,1,1,31
1,7,5,9,51,0,0,41
0,8,6,9,59,0,1,35
2,9,8,8,54,0,1,35
0,6,5,7,62,0,1,31
3,7,7,4,68,3,1,13
5,7,6,5,64,3,0,17
0,7,7,9,42,0,1,32
7,6,6,6,62,3,1,13
16,8,6,6,84,0,1,48
2,7,6,8,52,0,0,37
15,10,9,1,93,4,0,13
8,9,6,10,71,0,0,43
1,8,6,7,50,0,1,41
7,8,10,1,95,3,0,17
20,10,5,9,78,0,1,54
4,3,9,9,96,4,1,3
7,9,10,2,95,3,0,21
7,7,4,6,69,3,0,19
2,9,7,8,52,1,0,30
4,6,5,6,51,3,0,8
5,5,9,8,86,3,1,4
11,9,10,1,95,2,1,25
6,7,5,7,45,3,0,17
2,8,5,9,61,1,0,29
3,7,7,8,54,1,1,27
8,5,6,4,59,2,1,17
5,4,8,5,97,5,1,3
1,7,5,6,55,0,1,36
18,8,6,10,94,0,0,50
3,5,10,9,94,5,1,3
3,6,7,7,69,1,0,31
1,6,5,8,70,0,0,39
6,6,6,7,56,1,0,25
12,8,10,3,91,4,1,10
18,10,4,8,89,0,1,51
16,9,4,7,96,0,0,48
6,4,10,5,82,5,0,3
6,7,4,6,67,3,1,14
3,7,5,8,60,1,1,33
11,10,8,2,96,2,0,30
9,8,6,7,99,1,1,32
2,4,9,8,86,3,0,4
6,5,5,4,43,2,1,15
3,7,4,7,47,2,0,26
6,4,7,6,51,3,0,3
17,9,7,7,100,1,1,40
16,9,7,10,85,1,0,33
1,7,8,6,44,1,0,22
12,7,7,10,92,0,1,44
6,5,7,7,65,3,0,5
19,9,7,9,94,0,1,50
5,4,8,9,81,3,0,3
3,7,6,8,54,1,0,24
3,8,7,9,60,1,1,34
6,8,8,3,100,3,0,10
7,6,6,6,65,3,0,12
10,10,5,7,77,1,1,42
8,9,9,3,100,2,0,30
8,7,6,7,64,2,1,23
1,6,5,7,59,0,1,36
2,7,8,6,46,1,0,26
5,5,6,5,49,2,1,14
3,4,4,4,54,2,1,19
2,6,9,8,81,4,0,3
6,4,6,6,57,2,1,11
2,7,7,9,58,1,1,24
1,7,5,6,64,1,1,29
3,4,5,6,62,1,1,20
8,6,6,6,49,3,1,18
4,4,8,5,84,5,1,3
6,7,4,7,46,2,0,28
3,5,9,8,90,3,1,8
19,9,5,8,72,1,1,37
3,7,6,8,41,0,1,41
5,8,9,2,93,3,0,13
5,7,6,5,42,3,0,17
1,9,6,9,67,0,0,40
8,5,6,6,68,3,0,15
2,7,7,9,62,1,1,22
15,10,9,2,90,4,0,12
19,9,6,8,95,0,1,46
2,7,8,9,97,5,1,3
6,4,4,5,58,3,0,8
6,9,10,1,92,2,1,25
0,6,8,8,54,1,1,27
20,10,6,7,81,1,1,44
13,9,10,2,97,2,0,25
4,7,7,7,47,2,1,15
2,5,8,6,96,5,0,3
3,5,7,5,68,1,0,28
4,5,10,6,83,4,1,4
8,9,9,1,91,4,0,10
1,6,8,7,50,1,0,24
8,7,7,6,55,2,0,21
14,10,6,10,100,1,1,43
2,4,10,6,87,5,1,3
18,10,4,9,96,1,1,38
1,9,6,6,53,1,0,28
19,10,5,10,92,1,1,42
3,4,10,8,97,4,0,3
17,7,5,8,76,0,1,42
9,10,4,10,77,0,1,49
18,10,5,6,85,1,0,43
9,10,4,9,85,1,1,39
7,4,7,4,66,2,0,17
5,4,9,7,87,3,1,4
8,8,5,6,93,1,1,29
14,10,8,2,98,2,1,35
3,7,6,6,52,0,1,31
10,8,5,10,78,0,0,41
2,6,8,5,94,4,1,5
3,3,8,5,86,5,0,3
6,4,8,5,86,5,1,3
19,7,7,8,75,1,1,37
5,7,10,7,88,3,1,11
0,8,7,9,62,1,1,28
10,8,8,2,97,3,0,18
0,9,7,6,65,1,1,33
2,8,8,8,45,0,1,40
11,9,9,1,98,3,0,18
6,9,8,2,100,3,1,22
11,8,9,3,99,4,0,14
8,7,5,7,51,3,0,17
3,8,5,8,40,1,1,30
3,5,10,5,93,3,1,9
3,8,5,7,59,1,1,35
2,6,8,8,52,1,0,26
3,8,8,8,67,0,1,33
6,8,8,2,96,3,0,12
6,7,8,9,100,4,1,9
11,9,9,3,91,2,0,32
7,8,8,1,99,2,0,19
18,7,4,6,85,1,1,38
8,8,10,2,99,4,0,12
7,4,6,4,51,1,1,24
4,7,4,6,54,3,0,10
6,9,10,2,98,3,0,15
14,7,7,10,88,0,1,38
4,7,8,8,99,5,1,3
11,7,6,6,85,1,1,30
8,8,5,9,78,0,1,38
8,4,6,6,61,1,0,26
4,5,10,6,84,5,0,3
4,7,9,9,99,3,1,8
1,8,8,8,62,1,1,33
5,3,9,6,89,5,1,3
6,4,10,6,89,3,1,5
3,7,7,5,43,3,0,14
15,9,10,2,91,2,1,27
13,10,10,1,90,4,0,8
7,7,6,7,56,3,1,19
0,6,5,9,50,1,1,28
11,10,10,2,92,4,0,9
3,4,10,7,99,4,0,3
6,10,8,1,95,4,0,11
5,4,6,7,65,2,0,20
15,9,8,1,91,4,1,14
2,5,8,7,92,3,0,4
6,7,7,7,64,1,1,24
20,9,4,9,87,0,1,48
12,8,9,3,98,4,0,8
7,8,10,2,93,3,0,19
2,9,5,8,54,1,1,34
5,4,6,7,66,1,0,22
13,10,10,1,100,4,0,10
5,7,6,7,68,1,1,27
5,6,4,5,62,2,0,22
10,10,10,1,97,4,0,13
6,4,6,5,53,1,1,25
13,9,10,1,100,3,0,14
12,8,9,2,92,3,0,18
8,7,7,9,96,1,1,32
3,8,6,7,60,0,1,40
8,5,4,5,47,1,1,33
3,7,6,8,47,0,0,37
7,4,4,5,42,2,0,13
7,4,6,4,48,2,0,12
3,8,6,9,70,1,1,33
5,7,7,6,55,1,0,31
2,5,10,9,93,3,0,8
9,8,4,10,88,0,1,47
16,9,7,10,81,1,1,38
5,3,10,9,83,3,0,5
4,6,10,8,81,3,0,4
6,10,8,1,91,4,0,14
20,7,5,7,79,0,1,44
16,10,5,9,96,0,1,53
18,7,5,10,100,1,1,40
3,6,5,6,62,1,0,29
18,7,6,8,84,1,1,41
6,6,8,5,87,4,1,3
6,7,9,9,96,5,0,3
2,7,8,9,64,0,1,34
12,9,8,1,94,4,0,15
16,7,6,9,72,0,1,46
3,4,10,9,99,5,1,3
6,4,9,9,100,5,0,3
7,7,5,5,59,1,0,33
8,6,7,5,58,2,1,15
8,9,8,3,97,3,0,21
12,9,4,8,88,0,1,46
2,3,10,5,83,5,1,3
4,5,9,9,80,4,0,3
14,9,10,1,95,3,1,19
5,10,9,3,97,3,0,21
7,6,5,5,51,3,0,13
9,8,10,2,91,4,0,8
7,10,8,1,96,2,0,24
3,4,8,7,86,3,0,8
17,10,5,10,90,0,1,45
8,8,6,8,89,1,0,36
12,9,4,7,99,0,1,48
0,6,5,7,57,1,0,29
15,9,4,8,83,0,1,46
1,9,6,7,57,0,0,34
8,5,4,5,57,2,0,22
3,6,5,8,50,0,0,37
5,4,9,6,94,4,1,3
5,7,6,6,57,3,0,11
0,9,5,8,40,1,1,33
0,8,5,8,68,0,1,42
6,7,7,6,60,2,0,24
18,7,5,6,80,1,1,34
3,7,5,9,45,0,1,32
11,9,4,10,81,0,0,48
7,4,4,5,48,1,0,27
12,9,9,1,97,4,0,12
7,5,7,7,44,1,1,21
2,4,10,9,94,3,1,3
20,8,5,10,74,1,1,38
1,9,6,6,49,0,1,34
6,10,10,1,94,3,0,21
11,9,9,2,90,3,0,22
9,10,10,2,91,2,0,28
9,10,9,1,90,4,0,9
8,10,4,6,76,1,0,35
3,5,9,7,81,4,1,3
5,6,10,5,81,5,1,3
8,8,6,7,88,0,1,37
2,9,7,9,61,0,0,40
1,9,7,9,43,1,1,28
8,4,6,6,40,1,0,28
3,7,7,7,66,0,1,36
6,4,4,7,45,3,1,14
3,8,7,6,41,0,1,35
9,9,5,10,73,1,1,37
5,3,9,8,91,3,0,3
1,9,6,7,49,0,0,39
5,6,6,5,51,1,1,22
19,8,5,8,91,1,1,39
3,5,7,4,69,2,1,14
20,10,6,9,85,0,1,47
2,6,5,8,59,1,0,25
2,8,5,6,47,0,1,43
2,3,9,9,91,4,1,3
9,8,6,10,86,0,0,42
19,8,7,6,73,1,1,37
7,7,4,7,64,3,0,12
12,7,4,9,97,1,1,36
6,5,7,4,44,2,0,12
8,8,8,1,95,3,0,16
2,7,8,9,99,4,1,6
2,7,6,6,40,1,1,28
8,4,5,4,44,1,0,27
8,5,7,6,42,1,1,27
7,10,9,1,95,4,0,7
6,5,5,7,67,3,0,9
5,9,9,3,94,3,0,21
6,9,8,1,98,4,0,10
9,9,5,7,75,1,0,35
1,8,7,9,53,0,0,40
0,7,6,6,54,0,1,36
8,10,6,7,95,1,1,41
1,8,7,8,53,1,1,27
3,6,5,7,65,0,0,32
0,8,8,9,61,1,1,28
11,9,6,8,94,1,1,32
17,9,6,6,77,1,1,37
10,10,9,3,99,3,0,20
3,4,7,4,50,1,0,20
8,6,6,6,60,2,0,16
19,10,6,8,73,1,1,46
13,7,4,10,94,0,1,45
6,6,9,8,80,3,1,10
5,4,8,6,92,3,1,5
4,5,4,7,59,1,1,25
3,7,6,8,60,0,1,39
8,4,4,4,54,1,0,28
7,7,6,5,67,1,1,32
11,8,9,2,96,4,0,9
5,5,9,8,91,4,1,5
10,7,4,7,99,0,1,40
6,7,8,9,93,5,1,3
8,4,4,7,68,1,0,27
11,10,7,8,88,0,0,45
0,6,5,6,70,1,0,25
8,4,5,4,43,1,0,27
14,9,9,3,91,3,1,15
1,8,5,9,66,0,1,36
11,7,6,10,77,0,0,38
15,9,9,1,93,3,0,21
13,9,4,10,70,0,0,50
2,4,9,6,88,3,1,3
6,9,10,2,90,3,0,15
12,8,4,8,84,0,1,47
6,10,8,3,91,2,0,31
18,10,7,10,98,0,1,51
15,7,7,9,71,1,1,33
2,5,10,9,80,3,1,5
7,8,9,1,95,4,0,3
10,8,9,3,94,3,0,21
5,7,9,7,99,5,1,3
2,9,6,9,49,0,1,44
7,6,7,7,57,1,0,31
20,8,4,7,95,0,1,52
6,3,8,6,94,4,1,3
7,4,6,4,48,2,1,20
2,5,9,8,82,3,1,7
20,10,7,10,97,1,1,43
2,5,9,7,83,4,1,3
2,5,8,9,87,5,0,3
4,4,5,6,58,2,1,11
1,7,7,9,68,0,0,34
5,5,7,5,51,2,0,22
19,8,7,9,71,1,0,33
14,10,8,1,99,2,0,36
6,9,8,2,100,3,1,14
1,6,8,6,58,0,0,36
5,5,5,6,44,2,0,22
6,5,8,6,99,4,1,3
2,5,10,9,89,5,1,3
4,7,10,6,89,3,1,7
12,10,9,1,96,4,0,13
9,10,10,1,99,2,1,31
6,4,10,8,95,5,1,3
0,6,8,9,67,1,1,26
1,6,6,9,64,1,1,20
10,9,5,7,92,0,1,42
0,7,7,8,65,0,1,36
7,9,10,3,95,4,0,7
18,10,5,8,87,0,1,50
18,9,5,7,77,0,1,53
0,8,6,9,62,0,0,39
5,5,10,9,85,3,0,3
8,9,8,3,90,4,0,6
11,7,4,7,92,1,1,32
2,5,10,9,85,3,1,10
11,9,8,2,96,4,1,12
2,8,8,7,45,1,0,31
10,9,4,9,94,1,1,42
3,6,7,6,66,1,0,22
9,8,5,10,85,1,1,37
19,10,6,10,75,1,1,45
4,4,8,5,88,3,1,5
18,9,5,10,86,0,1,46
15,9,10,1,100,4,0,16
5,9,10,2,93,4,0,8
4,6,10,6,89,4,0,6
3,4,5,4,69,1,1,23
19,9,7,10,90,1,1,42
5,10,8,1,91,3,0,20
14,10,6,7,91,1,1,41
3,8,8,6,66,1,1,29
5,9,8,2,90,2,0,26
14,9,9,3,91,4,0,17
15,10,9,2,93,2,1,27
7,4,4,7,46,1,0,29
1,9,5,9,64,0,1,41
8,5,6,4,61,2,1,14
6,5,10,8,80,4,0,3
4,6,5,6,53,3,0,9
6,3,9,6,93,4,0,3
14,9,6,10,81,1,1,42
7,7,7,4,47,1,1,25
15,7,4,9,100,0,1,41
6,10,8,1,95,2,0,31
13,8,6,7,98,1,1,39
6,7,9,8,92,4,0,7
2,8,8,6,52,0,0,34
11,9,9,2,96,3,0,21
4,7,10,5,91,5,1,3
18,7,5,6,84,1,1,38
5,6,8,9,91,4,1,3
2,6,10,6,82,4,1,3
12,7,4,9,96,0,1,46
17,10,4,8,79,1,1,43
6,7,9,8,100,5,0,3
3,5,10,5,80,3,1,5
3,8,7,8,60,0,1,42
4,4,8,5,97,3,1,3
8,6,6,7,65,3,1,17
3,6,4,7,49,1,0,28
5,5,8,7,92,4,0,4
7,6,4,4,59,1,0,32
6,6,8,5,93,4,0,6
12,8,7,10,79,1,1,36
3,3,9,8,84,3,1,3
6,5,6,6,46,1,0,21
3,3,8,5,86,5,1,3
12,10,10,2,97,3,0,16
0,8,8,8,62,0,1,34
3,7,7,9,49,0,0,41
15,10,7,6,100,1,1,41
3,6,6,7,41,0,1,34
13,10,8,3,98,2,0,35
2,8,6,7,53,0,1,43
16,9,5,8,88,0,1,44
5,6,4,7,69,1,0,29
12,9,7,6,87,0,1,47
4,5,8,5,84,4,0,3
15,10,9,3,92,2,0,32
4,7,4,5,58,2,0,21
13,9,5,8,76,1,1,35
10,7,6,9,74,1,1,34
10,9,5,9,75,1,1,37
2,9,8,6,53,1,1,29
5,7,4,4,57,1,0,30
13,8,6,8,83,0,1,46
9,8,6,10,93,1,1,28
6,8,10,2,100,4,0,6
12,10,4,10,77,0,1,53
6,3,10,8,87,3,0,3
5,3,9,7,82,3,1,5
8,6,6,5,48,1,0,31
15,10,5,9,95,1,1,40
19,9,5,10,78,1,1,38
13,8,10,3,92,3,0,16
13,8,8,2,90,3,0,23
3,5,9,6,87,4,1,3
3,4,9,7,97,4,1,3
17,8,5,6,98,1,1,39
18,8,4,10,86,0,1,43
0,7,5,6,41,0,1,34
10,10,10,3,99,3,0,24
0,7,5,6,68,0,1,31
6,5,10,8,87,5,0,3
3,4,10,7,92,5,1,3
2,6,8,8,49,0,1,32
14,8,8,1,92,4,0,13
2,3,8,9,84,4,0,3
3,3,10,9,97,5,1,3
17,7,4,8,99,0,1,40
7,7,4,4,55,1,1,34
9,9,10,1,96,2,0,30
6,10,9,1,93,4,0,7
3,4,10,5,94,3,1,3
3,9,5,8,68,1,1,36
6,3,10,7,80,4,1,3
0,7,6,8,62,0,1,35
17,8,4,9,88,0,1,43
8,4,5,5,62,1,1,26
4,5,6,4,52,1,1,23
2,6,6,6,67,1,1,28
2,7,7,9,65,0,0,37
13,10,6,9,83,0,1,42
2,8,7,9,70,0,0,33
7,10,9,2,91,3,0,21
4,7,4,7,61,2,0,17
0,6,8,6,66,0,0,28
9,9,6,6,92,0,1,40
14,8,9,3,99,2,0,29
6,6,9,6,88,5,0,3
4,5,6,5,59,1,0,23
3,6,4,4,51,3,1,11
1,8,8,6,68,0,1,31
7,5,6,6,54,3,0,12
0,8,5,7,52,1,0,27
8,5,6,5,48,3,0,12
15,10,8,1,92,3,0,18
2,8,6,6,57,1,1,33
9,8,9,2,90,3,0,12
1,7,6,6,53,0,1,40
3,3,10,5,96,5,1,3
3,7,6,6,67,0,0,34
4,6,5,7,40,2,0,18
0,9,7,9,43,1,1,32
1,6,8,7,59,1,1,20
4,5,10,7,100,4,1,3
4,5,7,7,57,3,1,7
12,8,7,7,87,1,1,35
3,7,5,8,63,0,1,39
4,3,8,5,80,3,1,3
10,10,6,7,81,1,1,37
1,8,6,7,44,1,1,24
3,6,6,7,41,1,0,25
0,7,7,6,51,0,1,37
0,6,7,7,64,0,0,27
2,6,8,8,70,0,1,30
6,4,7,6,52,3,0,10
6,5,6,7,51,2,0,19
10,10,8,3,94,3,0,23
10,9,8,3,98,3,1,18
14,9,6,9,75,1,1,34
10,9,5,8,93,1,1,38
8,8,4,10,78,1,0,34
4,6,4,5,59,2,1,20
2,7,10,9,87,5,1,3
6,5,9,5,92,5,1,3
8,5,7,5,66,1,0,22
2,4,9,7,82,5,1,3
6,7,7,5,46,3,1,16
3,9,7,7,59,1,1,32
13,9,8,1,91,4,0,16
3,6,6,8,70,1,1,22
11,10,4,8,77,1,0,42
10,10,9,2,99,2,0,32
9,9,8,2,93,2,0,27
4,5,8,8,90,5,1,3
0,9,5,6,70,0,1,39
0,7,7,7,59,0,1,29
3,6,6,9,64,0,1,37
15,8,8,3,97,4,0,6
10,8,8,1,91,4,0,8
5,6,5,4,62,2,1,16
5,6,6,7,64,1,1,32
2,6,5,8,52,1,1,24
3,5,5,5,69,1,0,23
8,7,7,9,79,0,1,35
0,8,5,6,48,0,1,35
4,5,8,8,90,5,0,3
6,5,4,6,67,3,0,16
20,9,6,7,78,1,1,43
10,9,10,1,95,4,1,11
6,7,7,6,48,2,0,16
1,6,8,9,64,0,1,35
6,6,6,4,50,3,0,15
0,8,8,8,48,0,1,34
19,10,5,8,100,1,0,39
9,7,4,10,73,0,0,35
3,7,7,9,62,0,0,41
2,7,9,6,96,4,0,3
18,7,5,8,90,0,1,39
3,5,9,7,95,3,1,11
2,9,8,9,62,0,1,41
3,7,6,7,62,3,0,9
8,8,9,3,91,3,0,10
15,8,8,1,97,2,1,32
2,6,7,7,62,0,1,30
11,10,8,2,94,2,0,25
0,9,5,6,47,1,1,31
20,10,7,6,95,1,1,38
2,8,8,9,43,1,1,34
4,7,9,5,87,3,1,11
2,9,6,9,62,1,1,30
9,9,6,7,80,1,0,38
7,6,5,5,46,2,1,26
1,6,7,9,61,0,0,38
3,6,7,6,40,0,1,31
5,6,8,8,83,5,1,3
4,3,8,8,85,3,0,7
0,7,8,9,65,1,1,23
4,6,8,9,83,4,0,3
4,6,6,4,51,2,0,20
8,9,9,2,97,3,1,12
11,8,6,7,83,0,1,41
2,8,5,6,49,1,0,26
6,3,10,6,95,4,1,3
2,8,7,9,52,1,1,34
3,9,5,6,43,1,1,34
13,9,6,8,75,1,1,32
11,7,5,9,83,1,1,30
4,5,6,7,50,1,0,20
6,5,7,6,69,2,0,21
3,3,9,6,97,4,0,3
15,8,10,1,93,4,0,15
12,10,9,2,100,2,0,34
3,7,8,5,92,4,1,3
3,5,6,4,47,2,0,20
13,7,6,9,92,0,1,42
1,7,5,8,51,0,0,36
5,9,8,3,100,4,1,4
4,6,5,4,45,1,0,23
6,3,10,8,96,3,1,5
5,7,6,6,40,2,1,22
8,8,4,9,98,0,1,42
14,8,7,10,96,0,1,48
6,5,4,6,62,1,1,22
12,10,8,2,93,2,0,27
6,3,10,5,82,3,1,3
2,8,5,8,56,0,0,36
3,9,6,9,46,1,1,34
2,6,7,7,56,1,1,24
11,8,8,2,90,4,1,4
5,5,5,4,54,2,1,17
8,6,7,4,47,2,0,25
9,8,9,3,97,3,0,15
3,6,9,9,96,3,0,14
19,9,5,10,96,1,1,43
3,6,10,9,88,3,1,11
2,4,10,6,92,4,1,3
4,6,7,5,44,3,1,10
6,3,8,7,95,4,1,3
7,7,4,6,65,3,1,17
15,9,10,1,100,2,0,27
6,6,4,4,64,2,0,19
6,3,10,7,84,5,1,3
4,4,4,4,69,1,0,29
3,5,6,6,46,2,1,12
10,8,5,10,83,1,1,32
3,9,5,9,51,0,0,44
2,7,8,7,41,0,1,37
8,7,5,6,52,3,0,16
3,6,5,7,70,2,0,20
8,5,4,6,59,2,1,17
13,9,6,8,94,1,1,34
8,7,5,10,90,0,1,42
5,4,4,5,44,2,0,16
14,8,9,3,100,4,0,9
4,7,8,6,86,4,1,3
11,7,4,8,80,0,1,37
20,8,5,10,78,1,1,37
14,10,6,8,71,0,1,44
4,7,4,4,48,1,0,25
19,10,5,6,88,0,1,48
20,9,5,6,72,1,1,39
6,4,10,6,88,4,1,3
6,9,10,1,95,4,0,9
3,3,8,9,84,5,0,3
1,7,8,8,57,0,0,31
3,6,4,5,40,1,0,27
4,4,8,6,95,4,1,3
0,6,8,9,65,1,1,26
8,7,6,7,66,1,0,36
0,7,6,8,43,1,1,23
0,9,5,6,43,1,1,26
8,4,4,5,66,3,0,8
1,9,5,9,43,1,0,28
8,4,4,6,40,2,0,14
10,9,9,2,95,4,0,12
12,8,7,9,94,0,1,41
15,9,8,3,99,2,0,26
5,5,9,7,100,5,0,3
13,8,5,8,72,1,1,32
5,7,10,5,84,4,1,6
1,9,6,7,52,1,1,33
4,5,4,5,61,1,0,29
1,6,7,9,47,0,0,30
7,5,4,7,53,2,0,19
8,6,6,7,43,1,0,33
17,7,7,10,73,1,1,36
2,3,9,5,96,4,1,3
6,4,9,5,82,4,1,3
6,5,7,6,69,1,0,25
16,10,6,6,89,1,1,36
4,5,4,6,69,3,0,8
5,4,5,6,63,1,0,24
1,8,5,6,67,0,0,40
2,3,9,6,87,4,1,3
3,5,9,7,96,4,1,3
4,7,9,8,82,3,1,7
7,10,10,2,99,3,0,14
4,5,4,5,52,3,0,10
0,8,7,8,68,0,1,34
0,7,5,7,50,1,0,26
2,7,6,9,55,0,1,40
3,6,8,9,100,4,1,3
5,6,9,9,98,5,1,3
7,6,4,5,46,1,0,31
2,4,9,8,84,5,1,3
4,4,10,5,99,3,1,3
7,7,7,4,43,3,0,12
8,4,5,6,62,2,0,22
9,9,8,2,91,4,1,5
4,7,7,5,45,3,1,8
6,9,9,3,96,4,0,12
4,4,5,4,55,3,0,5
17,8,7,6,78,0,1,50
9,10,8,1,93,4,0,12
11,8,8,2,95,2,0,27
13,10,10,2,93,2,0,33
18,7,5,8,87,1,1,40
20,7,7,6,76,0,1,46
2,7,8,9,51,0,0,36
3,9,6,6,68,0,0,43
12,8,10,3,95,3,0,19
7,5,6,5,64,2,1,16
2,6,10,9,81,3,1,8
1,6,6,9,57,1,1,30
5,10,8,3,92,2,0,26
6,3,9,9,95,4,1,3
3,7,5,9,62,0,1,38
13,9,8,1,99,2,0,23
11,9,5,6,74,1,1,42
5,3,9,5,88,3,1,4
6,3,10,5,80,4,1,3
20,8,4,9,72,1,1,42
6,4,4,7,56,1,1,30
0,8,5,8,55,1,0,32
7,10,10,2,98,3,0,22
19,8,7,7,77,0,1,51
10,8,9,1,90,3,0,18
3,7,7,7,48,0,1,40
16,10,4,6,83,1,1,39
8,7,5,7,71,0,1,42
9,8,6,10,73,0,1,38
17,9,7,9,75,0,1,43
14,7,7,6,76,0,1,41
3,4,10,7,80,4,1,3
0,7,7,8,41,0,0,35
15,9,9,1,93,4,0,12
8,6,7,6,53,2,0,24
8,8,5,9,84,0,1,41
18,9,5,9,81,1,1,41
18,9,6,7,83,0,1,51
3,6,5,5,68,2,1,20
18,9,6,6,92,0,1,50
4,7,10,7,83,3,0,15
4,4,8,9,97,5,1,3
6,7,8,7,99,5,1,3
7,8,8,1,90,4,0,7
20,9,7,7,96,1,1,44
3,6,5,9,48,0,1,31
15,10,9,3,92,3,0,27
10,8,4,8,79,0,1,38
6,6,5,7,67,1,0,26
5,7,6,7,64,3,0,10
20,9,5,6,80,0,1,46
11,8,10,1,100,2,0,29
10,9,5,7,71,0,1,47
1,7,6,9,64,0,0,37
13,10,10,3,96,3,1,26
14,10,5,7,86,1,1,35
12,10,10,2,97,4,0,11
2,3,9,7,88,5,1,3
4,3,9,7,97,5,0,3
5,10,9,1,94,3,0,16
4,3,10,5,87,3,0,3
0,7,8,6,70,0,0,29
8,5,5,6,64,3,1,11
12,10,4,10,95,1,1,41
10,10,6,10,87,0,1,41
5,6,4,5,63,2,1,24
3,5,4,7,59,1,1,20
1,6,7,8,44,0,0,29
6,5,4,6,65,1,1,27
12,9,10,3,96,2,1,31
4,4,5,7,47,1,0,24
11,9,6,10,81,1,1,39
6,5,10,9,89,3,0,10
10,7,6,8,83,1,1,36
0,7,8,7,67,0,0,34
17,10,7,8,90,0,1,47
4,4,10,5,95,4,0,3
2,7,7,9,57,1,0,25
10,10,4,10,86,0,1,45
4,6,9,5,86,5,0,3
4,5,10,7,89,5,1,3
6,7,10,5,93,4,1,3
0,9,6,6,41,1,1,26
6,3,9,7,94,3,1,3
12,8,7,6,81,1,1,30
3,4,8,5,97,3,1,4
2,6,8,8,58,0,1,29
5,4,6,7,48,3,1,9
14,8,10,1,98,4,0,13
19,7,5,6,95,1,0,40
3,4,10,6,89,3,1,4
16,10,4,6,91,1,1,41
15,7,5,6,93,1,1,31
3,7,8,9,48,1,1,28
2,9,6,7,43,1,1,27
2,6,6,7,47,1,0,31
6,5,4,5,55,3,0,6
19,9,6,6,84,0,1,45
1,8,8,8,48,0,1,36
10,10,8,2,97,4,0,8
11,10,8,2,96,3,0,25
4,5,7,4,47,1,0,20
7,9,9,3,91,2,0,25
3,9,7,8,66,1,0,30
9,9,8,2,98,2,1,25
3,6,7,9,63,0,0,31
3,6,10,8,100,4,0,3
3,5,9,5,89,3,1,12
14,7,6,9,84,0,1,46
6,4,10,6,90,3,1,3
2,4,10,6,99,4,0,3
1,7,8,9,49,1,1,30
14,8,10,2,99,3,0,20
2,6,9,8,81,3,1,3
5,5,5,4,47,2,1,18
3,4,7,7,51,1,0,27
10,10,8,2,95,3,1,23
4,5,7,6,47,2,1,21
0,9,6,7,67,1,1,33
5,8,9,2,93,4,0,3
0,6,5,7,70,0,1,31
11,9,9,3,92,2,0,27
2,6,9,9,95,3,1,10
19,9,6,7,75,1,0,35
14,8,5,8,85,1,1,41
4,7,9,5,91,5,0,3
0,7,7,6,56,1,1,27
6,10,8,1,92,2,0,31
11,10,9,2,97,4,0,15
5,7,10,6,82,5,0,3
3,6,8,6,93,5,1,3
8,9,8,2,96,2,0,22
15,8,7,6,72,1,1,34
13,10,10,1,97,4,1,13
0,8,7,7,56,0,0,35
20,8,7,7,80,1,1,39
13,7,5,7,98,1,1,30
14,9,10,1,91,4,1,13
2,8,5,8,59,1,0,27
5,4,10,5,83,4,1,3
7,8,10,1,96,3,0,15
3,9,7,8,56,1,0,32
11,8,10,3,90,4,0,5
10,10,6,6,71,0,1,48
10,8,7,7,78,1,1,34
18,7,5,8,70,0,1,40
13,8,8,2,98,2,0,30
5,7,5,4,48,3,0,10
3,5,8,6,87,3,0,3
4,5,7,7,57,1,1,23
2,3,8,9,93,5,1,3
5,10,10,2,98,2,0,26
0,7,7,9,68,1,1,30
1,7,5,6,63,0,0,40
5,5,7,7,40,1,0,25
7,9,10,3,90,3,0,20
19,8,5,9,98,0,1,42
5,9,8,1,95,2,0,21
3,4,10,7,94,4,0,3
18,9,4,9,98,0,1,49
7,7,6,5,49,3,1,18
16,10,5,7,82,1,1,42
1,7,8,7,65,0,1,36
0,6,8,9,59,0,1,30
8,7,4,4,67,3,1,21
7,10,9,2,99,4,0,7
6,7,9,5,87,5,1,3
4,7,6,4,51,3,0,13
16,8,6,9,78,1,1,37
11,8,4,6,71,0,1,48
8,10,10,2,94,4,1,12
12,10,9,1,99,2,0,25
11,10,7,10,76,1,1,35
6,4,6,5,63,2,1,15
2,3,10,8,86,4,1,3
9,9,5,8,89,0,1,41
0,9,7,6,70,1,0,35
5,6,10,6,80,4,1,3
4,4,6,7,70,3,1,9
6,6,8,9,86,3,1,9
3,8,8,7,67,0,1,41
2,6,9,6,91,5,1,3
2,7,7,9,64,1,1,22
0,8,6,9,62,1,0,28
15,10,5,7,82,0,1,44
8,7,6,5,40,1,0,28
5,5,10,5,99,3,1,11
3,7,8,6,81,4,1,3
3,8,8,8,69,0,1,38
8,9,9,2,98,2,0,26
4,4,9,7,80,3,0,6
2,7,5,7,65,0,0,37
0,8,7,7,45,0,0,32
5,5,8,8,83,4,1,3
1,9,5,7,59,0,1,41
2,3,10,6,89,4,0,3
5,5,8,5,80,4,1,3
1,6,5,8,49,1,1,26
4,6,7,5,70,2,0,18
8,5,7,6,48,2,0,22
1,7,6,7,69,1,1,28
2,5,9,8,94,5,1,3
5,5,10,6,80,3,1,11
2,5,9,5,84,4,0,3
13,10,8,1,95,4,1,9
0,9,5,8,67,1,1,32
14,8,9,2,94,4,0,11
6,4,8,8,93,4,0,3
3,4,4,4,47,3,1,3
3,8,5,8,41,0,1,37
3,8,6,7,45,1,1,34
12,9,8,3,97,3,0,20
1,9,7,9,68,0,0,36
3,6,8,6,57,0,0,31
6,7,7,6,50,1,1,30
2,9,7,7,62,1,1,35
7,10,9,2,95,4,0,15
11,9,10,1,92,2,0,28
5,3,9,9,100,5,1,3
2,5,10,8,87,4,1,3
5,6,6,4,66,3,0,9
5,7,9,7,92,5,1,3
0,9,8,7,53,0,1,41
5,6,4,7,45,3,1,8
5,7,6,7,64,3,0,18
2,7,5,6,50,0,0,32
1,9,8,7,58,0,1,42
7,8,8,3,100,4,0,9
7,10,8,2,98,4,1,13
5,4,7,7,58,2,1,14
15,10,4,10,93,1,1,40
2,8,5,6,66,0,0,42
9,8,5,7,93,1,0,32
13,10,5,8,89,0,1,49
11,9,10,2,97,2,1,31
7,5,4,7,41,3,0,8
18,10,6,8,80,1,0,42
10,8,8,3,93,4,0,4
9,9,10,3,90,4,0,14
5,8,9,3,92,4,0,11
0,8,6,7,47,1,1,29
7,6,6,6,52,1,0,29
11,10,7,7,89,0,1,49
9,7,5,9,71,1,1,36
1,9,8,9,66,0,0,35
14,10,10,2,100,2,0,29
18,10,5,7,91,0,0,49
8,9,7,10,72,0,1,44
0,6,8,6,51,0,0,30
3,6,7,9,65,0,1,37
5,4,10,9,91,3,1,7
1,9,7,8,46,0,1,35
6,10,10,2,100,2,1,29
8,10,10,1,99,4,0,10
5,5,5,5,58,3,1,11
9,9,10,3,90,4,0,13
4,5,5,7,65,1,0,21
3,6,7,6,66,0,1,35
5,3,9,6,90,4,1,3
8,7,6,4,58,1,1,28
4,4,9,8,82,5,1,3
5,8,9,1,96,3,0,18
3,6,10,6,81,4,0,3
7,8,9,3,97,2,0,19
3,5,4,5,62,1,1,30
1,6,7,7,47,1,0,20
12,10,4,9,73,0,1,48
10,9,10,2,99,2,0,31
2,9,5,6,46,1,0,28
13,8,6,8,100,0,0,48
3,9,8,9,60,0,1,39
2,6,7,8,70,0,1,30
1,6,7,6,41,0,1,35
10,9,4,7,92,1,1,32
10,9,8,3,93,3,0,18
2,6,10,9,98,5,1,3
9,8,9,3,95,2,0,28
16,9,5,9,93,1,1,41
3,8,5,6,61,0,1,39
5,3,8,9,82,4,1,3
2,6,8,7,87,5,1,3
3,7,7,7,70,1,0,33
5,6,7,7,63,3,1,15
12,10,6,7,78,1,1,38
7,7,6,6,40,3,1,14
9,9,9,3,99,2,1,23
7,4,7,5,60,1,1,19
17,8,7,9,86,1,1,38
0,7,6,9,50,0,1,37
6,8,10,1,96,4,0,11
2,5,10,7,93,4,1,3
1,7,7,8,57,1,0,30
18,7,6,6,99,1,1,39
3,3,10,8,88,5,1,3
5,10,10,2,95,2,0,23
8,9,9,1,94,4,0,5
6,7,9,5,81,3,1,8
1,8,5,7,68,0,1,35
5,5,10,5,87,4,1,4
17,10,6,9,81,0,1,52
4,6,6,7,53,2,1,21
13,10,7,7,73,1,1,43
15,9,4,6,77,1,1,42
18,7,7,9,99,0,1,47
8,6,6,4,58,1,0,27
3,4,9,9,97,3,1,3
11,8,9,3,93,4,0,9
2,9,8,9,52,0,1,37
5,7,10,9,98,4,1,3
3,6,6,7,59,0,1,38
6,9,10,3,94,3,0,16
3,9,5,6,50,0,0,43
2,6,10,8,96,3,1,7
1,6,8,8,41,0,1,35
9,9,4,10,95,0,1,47
11,9,5,7,78,1,1,36
20,10,7,8,99,0,1,46
9,9,4,10,79,0,1,45
6,5,5,4,55,1,0,21
0,8,7,9,41,1,0,23
3,3,8,6,87,4,1,3
3,7,5,9,50,1,1,34
6,8,9,2,92,4,0,5
2,4,8,8,89,3,0,6
0,6,5,7,64,1,1,27
8,5,4,6,43,2,0,19
10,9,5,9,85,1,0,31
15,7,5,7,83,0,1,44
12,7,4,9,89,1,1,39
13,7,6,8,89,1,0,32
4,7,4,7,42,2,0,23
19,7,4,9,77,0,1,44
3,7,5,6,69,0,0,32
7,8,8,1,90,4,1,9
10,10,10,1,98,2,0,28
0,6,5,8,63,0,1,34
0,9,8,8,66,0,0,34
4,3,9,5,87,4,1,3
3,6,9,9,93,4,1,3
7,7,6,6,69,1,1,31
6,7,10,9,85,3,1,11
1,6,7,8,46,1,0,26
0,8,7,9,70,1,0,29
18,10,6,8,97,0,1,55
2,6,5,6,70,0,0,31
5,6,7,7,62,2,0,15
18,7,5,8,85,1,1,40
2,3,9,6,87,4,0,3
5,5,10,8,98,4,1,3
6,10,9,1,94,3,0,15
8,7,6,4,57,1,1,30
14,8,6,9,73,1,1,34
1,7,5,7,47,1,1,24
11,7,6,8,84,1,1,33
5,5,5,4,60,3,0,12
0,9,5,6,60,1,1,31
6,5,10,5,96,5,0,3
11,9,8,3,97,4,0,9
11,10,8,1,97,4,0,15
4,6,8,9,88,5,0,3
13,8,4,10,86,0,0,43
1,6,5,9,55,1,1,31
2,3,10,5,82,5,1,3
2,6,9,6,82,3,0,8
2,4,9,8,93,4,0,3
14,8,8,3,95,3,0,18
10,8,9,1,91,2,1,22
2,9,6,7,48,1,0,28
10,9,6,6,86,0,1,39
2,8,6,9,51,1,1,26
7,8,10,1,96,4,0,8
2,5,8,9,91,4,1,3
5,7,7,4,53,3,1,13
5,5,9,7,92,4,0,3
19,9,5,9,76,0,1,54
11,8,9,1,98,3,1,20
4,6,5,5,50,3,0,12
2,7,5,7,61,1,1,29
5,8,9,1,95,2,0,18
2,4,9,5,90,3,0,7
1,8,5,9,62,0,1,40
5,5,5,5,61,3,1,11
15,9,4,10,88,0,1,44
2,8,6,7,64,1,0,29
5,5,9,7,80,4,1,3
8,8,9,3,93,3,0,13
5,6,5,5,67,2,1,21
1,7,8,8,62,0,1,39
11,9,5,7,91,0,1,47
5,5,4,4,40,3,0,12
6,8,9,1,93,2,1,20
12,9,9,2,95,4,0,15
8,6,5,6,57,3,1,15
6,5,5,7,41,1,1,25
6,5,8,7,89,3,0,14
8,10,9,3,95,2,0,24
3,6,5,7,60,1,1,27
3,7,7,6,63,1,0,32
3,6,8,9,53,1,1,29
4,7,7,6,55,3,0,13
2,4,9,9,89,5,1,3
4,4,4,4,50,3,1,6
6,6,5,5,42,3,0,8
9,8,10,3,98,2,0,25
0,8,7,7,61,0,1,32
20,10,4,9,87,1,1,44
3,7,5,5,45,1,1,28
6,8,8,3,90,2,0,26
0,9,5,8,55,1,1,27
11,8,7,8,81,1,0,32
1,8,8,8,62,0,0,38
5,5,5,5,56,1,1,27
4,6,5,7,62,2,1,14
5,7,8,9,88,5,1,3
5,10,10,3,95,3,1,13
14,8,8,2,95,2,0,28
6,6,8,9,97,5,1,3
3,7,6,6,61,1,0,25
4,3,8,9,89,4,1,3
3,9,8,9,56,1,1,26
0,9,5,9,42,0,1,40
4,5,6,4,62,2,0,20
9,9,8,2,98,2,0,25
0,8,8,6,42,1,0,30
0,8,8,7,66,0,1,37
9,8,8,1,94,2,0,25
0,9,8,7,69,0,0,36
14,10,8,1,93,3,0,24
11,7,6,7,76,0,1,42
0,6,7,6,44,1,1,27
2,9,6,6,47,0,1,43
0,8,8,6,51,1,1,32
4,4,8,6,96,5,0,3
6,6,7,7,47,3,1,16
16,10,4,10,73,0,1,53
13,10,8,2,90,3,0,26
5,6,8,7,85,5,0,3
6,6,5,6,48,3,0,16
14,8,8,1,99,4,0,13
7,9,8,1,93,2,0,23
1,8,5,7,47,0,1,38
2,3,8,7,95,4,1,3
8,5,4,4,43,3,0,7
18,9,7,10,76,0,1,51
7,6,6,6,46,1,1,26
10,8,5,8,81,1,1,39
3,7,7,4,54,1,0,30
15,10,8,1,90,2,0,34
6,3,10,5,93,3,1,8
2,3,9,6,90,5,0,3
6,7,7,7,69,3,1,8
6,6,9,6,84,3,1,14
2,8,7,8,66,1,0,24
11,8,5,10,97,1,1,40
20,9,7,8,100,1,1,35
6,8,10,3,100,2,0,26
8,7,4,6,46,1,0,30
4,5,9,6,89,3,1,3
3,8,8,6,45,0,1,33
11,10,4,10,100,0,1,47
9,10,10,2,91,4,0,9
7,10,9,1,98,4,0,8
3,3,8,6,100,5,0,3
9,10,8,2,98,2,0,23
7,5,5,5,69,1,0,32
6,6,9,5,88,3,1,11
15,8,5,6,75,0,1,49
14,8,8,2,95,2,0,22
12,8,8,1,91,2,0,31
3,7,6,4,56,2,1,17
4,3,9,5,87,3,1,8
2,3,10,6,81,5,1,3
0,6,7,7,45,1,0,25
8,7,7,5,48,3,1,9
18,8,6,9,94,0,1,50
8,5,4,5,48,1,0,33
8,8,6,6,94,0,1,36
2,7,5,6,44,0,1,34
11,9,9,2,93,3,0,19
6,5,9,8,94,4,1,4
6,7,6,5,69,3,0,13
15,10,6,10,97,1,1,38
3,9,8,6,69,0,1,36
5,9,9,2,90,2,0,28
3,6,5,5,68,2,0,14
2,9,6,8,47,0,0,35
3,4,6,4,55,2,1,17
3,3,8,6,86,4,1,3
5,8,8,1,96,3,0,9
8,4,6,5,40,1,0,20
5,5,8,8,92,5,1,3
0,8,8,6,46,1,1,32
8,9,8,3,94,3,0,18
3,6,5,8,43,1,1,30
2,7,10,7,85,4,1,7
3,7,8,7,48,1,0,24
4,4,8,5,85,5,1,3
13,8,9,2,99,4,0,6
7,7,7,6,64,3,1,10
1,7,8,7,42,1,0,29
5,6,9,9,94,5,1,3
5,7,10,9,91,3,1,6
15,8,5,7,74,1,1,39
4,3,9,9,94,3,1,3
4,7,10,6,98,3,0,9
7,7,4,5,44,3,0,19
5,6,7,5,59,2,0,23
0,6,7,7,54,0,1,34
5,7,8,6,99,5,0,3
6,6,4,4,64,3,1,14
0,6,5,8,46,1,1,20
18,10,5,9,82,0,1,52
10,10,8,1,94,4,0,11
4,5,9,9,89,4,1,4
12,10,10,2,100,2,0,33
2,3,9,5,99,4,1,3
12,8,8,1,100,4,0,14
4,6,8,5,96,3,1,13
2,3,9,6,91,5,1,3
13,8,8,3,97,3,0,15
5,10,10,1,97,3,0,19
8,5,4,7,46,1,1,31
8,6,6,7,58,3,0,18
20,8,5,7,89,0,1,44
15,9,9,3,93,4,0,18
5,10,9,2,96,2,0,25
2,6,8,6,66,1,0,28
3,5,8,6,98,4,1,3
5,5,9,7,83,3,0,7
8,7,7,9,92,1,1,28
15,9,8,1,90,2,0,33
6,10,9,3,99,3,0,20
4,4,10,7,81,3,1,3
17,7,4,7,95,0,1,40
14,9,5,7,74,1,1,35
4,7,7,5,41,1,0,32
3,8,8,9,43,1,1,34
9,8,8,2,93,4,0,6
14,10,9,1,90,4,1,19
8,6,6,6,61,2,1,16
3,6,7,4,63,1,0,30
11,8,4,6,81,0,1,39
16,10,4,10,74,0,1,47
2,3,10,8,95,4,1,3
8,9,8,2,100,3,1,13
12,10,10,1,94,2,0,27
8,6,4,7,65,1,0,32
6,3,9,9,87,3,1,5
12,8,6,8,73,1,1,40
3,6,6,7,62,1,1,23
12,8,8,2,99,4,0,10
10,8,4,8,77,1,0,37
15,10,9,1,94,3,0,20
1,6,7,6,48,0,0,36
3,4,5,6,48,2,0,13
8,10,10,3,98,2,0,27
3,7,10,9,98,3,1,12
8,7,7,10,72,1,0,33
13,10,6,10,84,0,1,46
6,9,8,3,96,2,0,25
4,6,5,7,45,3,0,10
2,8,5,6,44,0,1,40
2,4,8,8,81,5,0,3
11,9,10,3,99,2,0,28
8,6,6,5,53,2,0,22
4,5,9,9,94,3,1,9
6,8,9,1,96,4,0,9
3,9,6,9,46,1,1,33
2,8,6,7,44,0,0,42
11,9,4,8,84,0,0,50
0,9,7,7,47,1,1,29
20,10,4,10,85,1,0,46
5,4,5,4,57,2,1,11
3,4,10,8,94,4,1,3
5,7,9,5,99,3,1,11
3,4,9,5,98,4,0,3
2,9,7,8,46,0,1,44
0,6,8,8,44,1,0,28
13,8,8,3,95,4,0,10
16,7,4,6,91,0,1,49
11,7,7,7,77,0,1,41
3,6,4,6,69,2,0,22
5,3,10,7,98,3,1,3
2,7,6,6,67,1,0,25
8,10,8,3,93,3,0,22
19,8,7,8,86,1,1,40
6,6,9,5,91,4,1,3
2,4,9,7,86,3,1,3
3,6,7,8,43,0,1,33
17,10,5,7,74,1,1,44
0,9,7,6,63,0,1,36
3,5,9,8,93,3,1,7
6,6,8,9,82,5,1,3
16,8,4,8,100,1,1,36
14,8,7,8,93,0,1,48
11,9,8,1,92,3,0,18
10,10,10,3,99,4,0,7
5,4,10,5,100,5,1,3
16,8,6,8,71,0,1,48
1,6,6,8,52,1,0,25
4,4,6,7,65,3,0,5
20,8,4,7,89,1,1,44
3,5,9,9,83,4,1,3
4,7,8,7,99,4,0,3
15,7,4,9,91,1,1,34
1,7,7,9,50,1,1,31
5,6,9,6,87,4,1,7
0,6,5,6,56,1,0,25
0,8,7,9,41,1,1,31
11,9,9,2,99,4,0,12
4,4,5,6,62,2,0,11
3,7,5,6,45,1,0,33
5,5,10,7,93,4,1,3
3,5,10,7,95,4,1,3
6,4,7,4,56,3,0,9
12,8,7,8,87,0,1,44
19,7,6,6,76,1,0,40
6,6,8,6,92,5,1,3
2,7,5,6,46,0,1,33
7,5,6,4,41,2,0,13
4,7,10,9,80,4,0,8
5,5,10,6,97,5,0,3
12,10,8,3,96,2,0,30
0,9,5,7,54,0,0,35
1,7,8,7,58,1,1,30
2,6,7,8,56,1,1,29
10,10,10,1,97,4,1,12
9,8,4,10,91,0,1,45
4,6,7,5,46,1,0,22
5,7,8,8,94,5,1,3
5,6,7,5,61,2,1,19
10,10,5,7,76,0,1,48
3,7,8,8,50,1,1,26
2,9,6,6,63,1,1,31
17,7,4,10,73,1,1,32
5,6,8,8,96,4,1,3
14,8,4,6,96,1,1,42
1,7,7,9,45,0,1,35
0,7,6,9,40,1,0,22
1,7,5,7,58,1,0,33
1,8,5,7,48,0,1,43
3,5,9,9,95,3,0,12
5,9,10,3,95,2,0,26
3,6,8,9,82,3,1,14
9,8,7,7,99,0,1,44
8,10,8,1,90,4,0,16
10,10,9,2,95,3,0,23
3,5,10,6,81,4,1,3
20,10,5,6,85,1,1,40
16,9,4,6,75,0,1,48
1,7,8,9,49,1,0,26
12,8,10,3,90,2,0,29
7,10,8,2,90,4,0,10
6,10,9,3,92,3,0,16
2,8,6,7,46,1,0,29
6,3,8,9,98,3,1,3
5,5,6,6,41,3,1,8
8,5,7,6,68,2,1,15
16,10,5,10,96,0,1,54
6,4,9,9,98,5,0,3
7,8,9,3,95,3,0,14
7,10,9,3,92,4,0,8
6,7,8,8,85,5,1,3
1,6,8,6,46,1,0,22
2,6,6,7,40,1,0,21
4,7,8,8,84,4,1,7
8,8,4,6,71,1,1,35
5,6,10,7,96,5,1,3
2,6,10,9,86,3,1,3
6,7,7,5,45,1,1,24
12,7,6,10,85,1,1,30
1,6,6,7,41,1,0,21
13,7,7,6,80,0,1,45
20,8,7,7,100,1,1,38
19,7,5,7,82,1,0,41
0,8,5,6,62,1,1,30
3,7,10,5,85,5,0,3
5,10,8,2,93,2,1,31
8,8,10,1,90,3,0,19
2,8,7,7,40,0,1,33
17,9,5,10,84,1,1,39
11,10,7,7,96,1,1,38
3,8,6,8,43,0,0,37
8,8,8,1,90,2,0,20
14,10,10,1,95,2,0,30
13,7,7,10,81,1,1,33
14,9,9,1,91,2,0,25
11,10,7,10,87,0,0,43
6,7,10,7,91,5,1,3
16,8,5,10,84,0,1,45
3,5,8,7,81,3,1,3
1,9,7,7,46,0,1,42
3,7,6,9,51,0,1,35
10,10,4,6,70,0,1,49
20,8,7,10,82,1,1,40
7,4,6,6,60,3,0,8
11,10,10,2,97,4,1,14
0,9,8,6,63,0,1,35
17,9,6,8,95,0,0,42
5,9,10,1,98,4,0,3
15,7,5,7,72,1,1,34
3,7,8,7,91,5,1,3
8,4,7,6,68,1,0,27
2,6,6,6,51,0,1,35
7,10,9,3,90,3,0,21
2,9,7,7,48,1,1,32
9,10,4,8,72,0,0,47
3,6,8,8,81,5,1,3
5,8,8,2,90,3,0,12
5,5,7,5,56,2,1,22
2,7,6,9,63,1,0,28
11,8,7,6,90,1,1,35
9,9,10,3,96,2,0,21
6,10,8,2,97,3,0,21
11,9,7,9,91,0,1,40
5,4,6,4,50,2,0,13
2,3,10,7,97,5,0,3
5,7,8,8,91,4,1,5
2,5,10,9,93,4,1,3
3,6,10,9,92,4,0,5
4,5,10,8,88,4,1,3
0,6,6,9,50,1,1,20
2,6,5,8,52,0,1,33
20,9,6,9,86,1,1,46
5,5,5,4,67,3,1,11
6,5,8,5,93,5,1,3
13,7,5,10,79,0,1,37
5,5,10,8,82,5,1,3
2,7,5,8,61,1,0,26
6,6,6,6,44,2,0,25
15,8,6,9,98,1,1,31
8,7,4,10,75,1,1,27
14,8,9,3,90,3,0,22
5,10,8,1,99,4,0,14
18,9,5,10,89,0,1,51
2,8,8,7,69,1,1,34
13,9,4,7,99,0,1,47
12,9,9,3,100,4,0,9
5,6,10,6,97,5,1,3
6,7,8,6,98,5,0,3
12,10,5,7,99,0,1,43
5,9,8,3,99,3,0,16
15,9,9,1,96,3,0,18
10,8,8,3,96,2,0,29
0,6,7,6,68,1,1,29
12,9,7,7,71,1,1,40
4,3,10,8,91,3,0,8
15,9,10,2,90,3,0,16
15,7,5,9,87,1,1,36
3,4,6,6,63,2,0,10
8,7,7,7,57,2,0,20
0,8,6,8,64,0,1,33
7,7,5,7,58,3,0,10
5,6,9,9,97,5,1,3
4,6,6,7,50,3,1,9
10,8,10,3,97,2,0,21
4,5,9,5,95,5,1,3
11,9,6,9,85,1,1,33
2,6,8,9,48,1,1,26
12,8,8,3,92,4,0,5
3,6,7,6,65,0,1,32
8,6,5,5,54,2,1,19
0,7,7,6,40,1,0,31
5,7,7,7,60,3,1,9
12,9,10,2,94,3,0,19
2,3,8,7,92,4,0,3
14,8,8,2,98,2,0,30
9,10,9,3,97,2,0,31
15,8,10,1,91,2,0,23
16,10,4,6,75,1,1,46
0,7,8,8,45,0,1,34
2,8,7,6,69,1,0,24
4,4,7,5,48,1,0,20
8,6,6,7,49,2,0,18
13,9,10,2,90,3,0,18
8,4,6,5,66,2,0,20
5,7,7,4,50,2,0,25
3,7,9,5,96,5,0,3
3,3,10,7,97,5,1,3
14,10,7,7,94,0,1,52
7,10,8,1,96,4,0,14
2,7,10,7,93,3,1,9
12,10,8,1,94,4,1,19
10,9,8,1,91,3,0,21
6,4,10,6,98,3,1,9
16,7,4,6,83,1,1,33
6,5,7,4,66,3,1,14
12,10,6,6,96,1,1,41
7,6,6,7,63,2,1,23
6,3,10,9,92,4,1,3
6,4,10,9,97,3,0,4
3,6,8,9,69,1,0,23
6,3,9,8,87,3,0,4
5,7,9,8,80,5,0,3
5,5,4,4,68,2,1,18
1,6,5,7,50,1,1,22
3,5,5,6,69,1,0,20
8,8,4,8,78,1,1,30
20,7,4,8,83,1,1,37
0,6,5,8,70,1,1,24
15,10,6,6,72,0,1,48
12,8,9,3,95,2,1,25
16,9,4,7,89,1,1,43
4,7,8,8,84,4,0,3
15,10,5,9,70,0,1,46
11,10,10,3,96,4,0,13
3,6,5,6,45,0,1,31
5,5,7,7,47,3,0,6
5,3,8,5,92,3,0,7
4,5,5,7,48,3,1,9
15,10,8,1,94,4,0,18
5,9,9,2,96,3,1,17
13,10,8,2,90,2,1,29
15,9,7,9,71,1,1,43
1,8,8,8,65,0,1,33
5,4,8,9,88,5,1,3
2,7,7,9,41,0,0,36
13,8,8,1,92,4,0,7
10,9,9,2,97,3,0,14
9,10,5,9,77,0,1,46
19,10,7,7,98,1,0,47
4,4,4,5,58,1,1,27
15,7,7,6,85,1,1,36
13,8,10,1,91,3,0,20
2,6,9,7,84,5,0,3
2,8,7,6,65,0,0,35
3,3,10,6,99,4,0,3
3,6,8,6,48,1,1,23
2,9,8,8,70,0,1,40
6,5,10,8,88,5,1,3
8,7,7,7,97,0,0,38
8,6,7,4,51,2,0,20
6,7,5,7,57,3,1,14
13,9,9,3,92,3,1,24
4,6,5,7,57,3,1,8
10,10,4,6,100,0,1,51
15,10,6,7,87,1,1,36
3,5,6,7,57,1,1,21
1,6,7,8,56,1,1,27
18,10,7,9,97,1,1,42
7,7,5,5,65,2,0,25
5,5,10,5,85,3,1,8
12,9,7,6,75,0,1,49
6,5,5,4,66,1,0,27
15,8,9,1,100,3,0,24
10,10,7,6,98,0,1,48
5,4,10,7,90,5,1,3
5,8,10,3,99,4,0,5
6,4,7,6,65,1,0,26
0,7,7,9,58,0,0,29
12,10,8,2,94,4,0,12
11,8,9,1,99,2,0,21
7,6,7,4,60,3,0,7
6,8,10,2,98,2,1,21
5,4,8,9,97,4,0,3
5,7,6,6,65,2,0,18
6,8,8,1,93,2,1,20
12,10,4,7,75,1,1,39
0,6,8,8,54,1,1,21
0,9,5,8,42,1,0,30
7,4,6,6,66,1,1,23
3,6,5,6,44,0,0,32
8,7,5,5,59,1,1,33
10,10,10,1,100,3,0,24
6,3,8,5,99,5,1,3
10,10,10,1,98,2,1,23
2,7,10,6,91,4,1,3
2,9,8,7,44,1,0,28
2,7,5,9,69,0,1,34
3,4,5,4,48,2,0,12
13,7,6,6,87,1,1,32
8,4,5,4,69,3,0,4
3,4,6,7,55,3,1,6
8,5,4,7,41,3,1,8
1,7,5,7,65,1,1,28
6,7,4,6,57,1,1,27
5,8,9,3,95,3,0,11
3,4,9,5,91,3,1,9
4,3,9,9,93,4,0,3
6,6,8,9,99,5,1,3
14,9,9,1,100,3,0,20
4,4,9,8,91,4,1,3
4,7,8,8,99,5,1,3
3,6,6,7,68,1,0,28
14,7,7,6,73,0,1,39
5,5,8,7,87,5,1,3
4,4,10,8,92,3,1,4
9,9,10,3,95,4,1,8
5,5,10,6,90,4,0,4
0,8,8,7,49,0,0,33
6,3,8,6,97,4,1,3
3,6,6,4,55,2,1,21
8,7,5,5,62,3,1,19
12,10,8,2,98,3,0,18
6,5,6,5,53,2,0,19
4,4,10,5,100,4,1,3
11,8,6,8,82,1,1,37
13,10,9,3,96,3,0,17
7,9,10,3,97,2,0,27
13,10,8,1,96,3,0,23
3,5,10,8,89,5,1,3
5,5,5,6,46,3,1,9
10,8,6,8,73,1,1,31
11,7,5,7,85,1,1,29
2,6,7,7,63,0,1,36
9,7,6,10,92,1,1,34
6,3,10,8,85,3,1,9
3,3,8,7,96,3,1,3
16,8,5,10,97,1,1,42
12,10,8,2,96,3,0,18
3,3,10,6,86,4,0,3
6,5,5,6,42,2,1,17
3,7,8,9,94,4,0,3
0,7,6,9,67,0,0,38
5,7,8,9,95,5,0,3
13,8,10,2,92,2,0,27
3,8,5,6,61,0,1,43
12,10,7,8,77,0,0,48
6,4,7,5,50,1,0,19
13,9,8,2,98,2,0,32
1,9,7,7,61,0,1,38
4,7,9,5,91,5,0,3
4,6,10,9,98,3,1,12
3,3,10,6,81,5,0,3
7,9,9,2,96,2,0,27
7,4,6,6,65,1,0,29
5,6,7,7,53,1,1,22
2,6,6,9,43,1,0,26
14,10,9,2,96,4,0,16
4,6,4,7,62,2,1,15
8,6,4,5,49,3,0,9
5,8,8,3,91,3,0,12
9,8,6,7,90,1,1,33
2,3,9,8,93,3,1,3
16,10,6,8,94,0,0,49
12,10,8,3,91,4,0,17
2,9,7,8,65,0,0,37
8,6,4,7,42,1,0,26
4,4,5,6,47,1,1,22
3,7,8,9,64,0,0,39
4,6,4,6,68,1,1,23
4,5,4,5,43,1,0,24
20,9,5,9,70,0,1,47
3,9,5,6,48,0,1,42
4,4,6,6,61,2,0,14
4,6,8,8,99,4,1,3
17,8,6,10,100,1,0,41
18,7,4,6,87,0,1,50
5,6,9,5,90,3,1,15
11,9,10,3,97,3,0,14
5,7,4,7,53,1,0,32
7,5,7,6,67,3,0,7
3,3,8,8,85,5,1,3
13,9,7,9,98,0,1,47
19,8,5,10,72,0,1,42
6,4,7,4,59,3,0,3
15,10,9,3,96,4,0,18
8,10,5,9,88,1,1,42
19,7,6,7,93,1,1,34
3,8,5,6,64,1,0,33
9,8,8,3,99,3,0,17
7,6,4,4,53,3,0,14
13,9,8,3,97,4,0,7
9,8,6,8,86,1,1,30
5,5,7,7,55,2,0,17
3,9,5,7,69,1,0,38
7,7,4,5,50,3,0,16
3,6,6,7,54,3,1,10
5,10,10,3,94,4,0,14
1,6,8,8,47,1,1,22
8,4,7,7,50,3,0,8
2,9,6,6,65,0,0,35
8,9,8,3,97,2,0,25
2,6,9,8,80,3,1,6
18,7,4,10,71,0,1,45
1,8,7,9,57,1,1,29
11,9,7,6,81,1,1,41
6,10,9,2,100,3,0,21
6,5,6,4,58,2,1,20
6,5,8,8,89,5,1,3
0,8,8,8,64,0,0,33
5,10,8,1,90,4,0,11
3,5,6,5,60,3,0,13
5,3,10,7,81,4,1,3
12,7,5,10,100,1,1,38
6,9,10,2,93,3,0,12
7,7,6,4,44,3,1,14
3,8,8,6,67,1,0,33
1,9,5,7,45,1,0,35
6,5,9,9,87,4,1,3
6,4,6,7,46,3,0,11
7,9,9,3,94,4,1,7
5,5,9,9,85,4,1,3
6,4,6,5,63,2,1,14
0,6,5,9,63,1,1,26
11,9,10,1,96,2,0,24
8,10,8,3,92,4,1,9
20,10,4,9,99,1,1,43
15,10,6,6,91,0,1,45
4,5,4,6,67,1,1,31
4,3,9,9,92,4,1,3
4,5,9,5,99,4,1,3
13,7,7,8,99,1,1,38
14,10,7,10,76,0,1,51
3,5,7,7,63,1,0,28
3,6,5,5,51,2,0,21
5,5,10,9,81,5,1,3
6,6,7,6,42,3,0,10
1,9,7,7,64,0,0,37
17,9,7,8,95,1,1,35
0,6,5,7,64,0,0,31
5,3,8,7,81,5,0,3
1,9,8,8,55,0,0,40
1,8,8,8,60,0,0,36
8,7,6,7,86,1,1,34
7,6,6,4,54,1,0,24
14,8,8,2,94,2,0,28
4,7,4,5,70,2,0,20
3,7,8,6,95,5,1,3
0,7,7,9,59,0,1,36
14,10,9,1,91,4,0,9
12,8,9,1,99,4,0,5
3,4,8,9,87,3,0,6
5,4,10,6,98,5,1,3
